ID,ORF
1005761_1,
1005763_1,
1005765_1,
1005767_1,
1005769_1,
1005771_1,
1005785_1,
1005787_1,
1005789_1,
1005791_1,
1005793_1,
1005795_1,
1005809_1,
1005811_1,
1005813_1,
1005815_1,
1005817_1,
1005819_1,
1005833_1,
1005835_1,
1005837_1,
1005839_1,
1005841_1,
1005843_1,
1005857_1,Rv0001
1005859_1,Rv0003
1005861_1,Rv0005
1005863_1,Rv0007
1005865_1,Rv0009
1005867_1,Rv0011c
1005881_1,Rv0025
1005883_1,Rv0027
1005885_1,Rv0029
1005887_1,Rv0031
1005889_1,Rv0033
1005891_1,Rv0035
1005905_1,Rv0049
1005907_1,Rv0051
1005909_1,Rv0053
1005911_1,Rv0055
1005913_1,Rv0057
1005915_1,Rv0059
1005929_1,Rv0073
1005931_1,Rv0075
1005933_1,Rv0077c
1005935_1,Rv0079
1005937_1,Rv0081
1005939_1,Rv0083
1006241_1,Rv0385
1006243_1,Rv0387c
1006245_1,Rv0389
1006247_1,Rv0391
1006249_1,Rv0393
1006251_1,Rv0395
1006265_1,Rv0409
1006267_1,Rv0411c
1006269_1,Rv0413
1006271_1,Rv0415
1006273_1,Rv0417
1006275_1,Rv0419
1006289_1,Rv0433
1006291_1,Rv0435c
1006293_1,Rv0437c
1006295_1,Rv0439c
1006297_1,Rv0441c
1006299_1,Rv0443
1006313_1,Rv0457c
1006315_1,Rv0459
1006317_1,Rv0461
1006319_1,Rv0463
1006321_1,Rv0465c
1006323_1,Rv0467
1006625_1,Rv0769
1006627_1,Rv0771
1006629_1,Rv0773c
1006631_1,Rv0775
1006633_1,Rv0777
1006635_1,Rv0779c
1006649_1,Rv0793
1006651_1,Rv0795
1006653_1,Rv0797
1006655_1,Rv0799c
1006657_1,Rv0801
1006659_1,Rv0803
1006673_1,Rv0817c
1006675_1,Rv0819
1006677_1,Rv0821c
1006679_1,Rv0823c
1006681_1,Rv0825c
1006683_1,Rv0827c
1006697_1,Rv0841c
1006699_1,Rv0843
1006701_1,Rv0845
1006703_1,Rv0847
1006705_1,Rv0849
1006707_1,Rv0851c
1007009_1,Rv1153c
1007011_1,Rv1155
1007013_1,Rv1157c
1007015_1,Rv1159
1007017_1,Rv1161
1007019_1,Rv1163
1007033_1,Rv1177
1007035_1,Rv1179c
1007037_1,Rv1181
1007039_1,Rv1183
1007041_1,Rv1185c
1007043_1,Rv1187
1007057_1,Rv1201c
1007059_1,Rv1203c
1007061_1,Rv1205
1007063_1,Rv1207
1007065_1,Rv1209
1007067_1,Rv1211
1007081_1,Rv1225c
1007083_1,Rv1227c
1007085_1,Rv1229c
1007087_1,Rv1231c
1007089_1,Rv1233c
1007091_1,Rv1235
1007393_1,Rv1537
1007395_1,Rv1539
1007397_1,Rv1541c
1007399_1,Rv1543
1007401_1,Rv1545
1007403_1,Rv1547
1007417_1,Rv1561
1007419_1,Rv1563c
1007421_1,Rv1565c
1007423_1,Rv1567c
1007425_1,Rv1569
1007427_1,Rv1571
1007441_1,Rv1585c
1007443_1,Rv1587c
1007445_1,Rv1589
1007447_1,Rv1591
1007449_1,Rv1593c
1007451_1,Rv1595
1007465_1,Rv1609
1007467_1,Rv1611
1007469_1,Rv1613
1007471_1,Rv1615
1007473_1,Rv1617
1007475_1,Rv1619
1007777_1,Rv1921c
1007779_1,Rv1923
1007781_1,Rv1925
1007783_1,Rv1927
1007785_1,Rv1929c
1007787_1,Rv1931c
1007801_1,Rv1945
1007803_1,Rv1947
1007805_1,Rv1949c
1007807_1,Rv1951c
1007809_1,Rv1953
1007811_1,Rv1955
1007825_1,Rv1969
1007827_1,Rv1971
1007829_1,Rv1973
1007831_1,Rv1975
1007833_1,Rv1977
1007835_1,Rv1979c
1007849_1,Rv1993c
1007851_1,Rv1995
1007853_1,Rv1997
1007855_1,Rv1999c
1007857_1,Rv2001
1007859_1,Rv2003c
1008161_1,Rv2305
1008163_1,Rv2307c
1008165_1,Rv2309c
1008167_1,Rv2311
1008169_1,Rv2313c
1008171_1,Rv2315c
1008185_1,Rv2329c
1008187_1,Rv2331
1008189_1,Rv2333c
1008191_1,Rv2335
1008193_1,Rv2337c
1008195_1,Rv2339
1008209_1,Rv2353c
1008211_1,Rv2355
1008213_1,Rv2357c
1008215_1,Rv2359
1008217_1,Rv2361c
1008219_1,Rv2363
1008233_1,Rv2377c
1008235_1,Rv2379c
1008237_1,Rv2381c
1008239_1,Rv2383c
1008241_1,Rv2385
1008243_1,Rv2387
1008545_1,Rv2689c
1008547_1,Rv2691
1008549_1,Rv2693c
1008551_1,Rv2695
1008553_1,Rv2697c
1008555_1,Rv2699c
1008569_1,Rv2713
1008571_1,Rv2715
1008573_1,Rv2717c
1008575_1,Rv2719c
1008577_1,Rv2721c
1008579_1,Rv2723
1008593_1,Rv2737c
1008595_1,Rv2739c
1008597_1,Rv2741
1008599_1,Rv2743c
1008601_1,Rv2745c
1008603_1,Rv2747
1008617_1,Rv2761c
1008619_1,Rv2763c
1008621_1,Rv2765
1008623_1,Rv2767c
1008625_1,Rv2769c
1008627_1,Rv2771c
1008929_1,Rv3073c
1008931_1,Rv3075c
1008933_1,Rv3077
1008935_1,Rv3079c
1008937_1,Rv3081
1008939_1,Rv3083
1008953_1,Rv3097c
1008955_1,Rv3099c
1008957_1,Rv3101c
1008959_1,Rv3103c
1008961_1,Rv3105c
1008963_1,Rv3107c
1008977_1,Rv3121
1008979_1,Rv3123
1008981_1,Rv3125c
1008983_1,Rv3127
1008985_1,Rv3129
1008987_1,Rv3131
1009001_1,Rv3145
1009003_1,Rv3147
1009005_1,Rv3149
1009007_1,Rv3151
1009009_1,Rv3153
1009011_1,Rv3155
1009313_1,Rv3457c
1009315_1,Rv3459c
1009317_1,Rv3461c
1009319_1,Rv3463
1009321_1,Rv3465
1009323_1,Rv3467
1009337_1,Rv3481c
1009339_1,Rv3483c
1009341_1,Rv3485c
1009343_1,Rv3487c
1009345_1,Rv3489
1009347_1,Rv3491
1009361_1,Rv3505
1009363_1,Rv3507
1009365_1,Rv3509c
1009367_1,Rv3511
1009369_1,Rv3513c
1009371_1,Rv3515c
1009385_1,Rv3529c
1009387_1,Rv3531c
1009389_1,Rv3533c
1009391_1,Rv3535c
1009393_1,Rv3537
1009395_1,Rv3539
1009697_1,Rv3841
1009699_1,Rv3843c
1009701_1,Rv3845
1009703_1,Rv3847
1009705_1,Rv3849
1009707_1,Rv3851
1009721_1,Rv3865
1009723_1,Rv3867
1009725_1,Rv3869
1009727_1,Rv3871
1009729_1,Rv3873
1009731_1,Rv3875
1009745_1,Rv3889c
1009747_1,Rv3891c
1009749_1,Rv3893c
1009751_1,Rv3895c
1009753_1,Rv3897c
1009755_1,Rv3899c
1009769_1,Rv3913
1009771_1,Rv3915
1009773_1,Rv3917c
1009775_1,Rv3919c
1009777_1,Rv3921c
1009779_1,Rv3923c
1005761_2,
1005763_2,
1005765_2,
1005767_2,
1005769_2,
1005771_2,
1005785_2,
1005787_2,
1005789_2,
1005791_2,
1005793_2,
1005795_2,
1005809_2,
1005811_2,
1005813_2,
1005815_2,
1005817_2,
1005819_2,
1005833_2,
1005835_2,
1005837_2,
1005839_2,
1005841_2,
1005843_2,
1005953_1,Rv0097
1005955_1,Rv0099
1005957_1,Rv0101
1005959_1,Rv0103c
1005961_1,Rv0105c
1005963_1,Rv0107c
1005977_1,Rv0121c
1005979_1,Rv0123
1005981_1,Rv0125
1005983_1,Rv0127
1005985_1,Rv0129c
1005987_1,Rv0131c
1006001_1,Rv0145
1006003_1,Rv0147
1006005_1,Rv0149
1006007_1,Rv0151c
1006009_1,Rv0153c
1006011_1,Rv0155
1006025_1,Rv0169
1006027_1,Rv0171
1006029_1,Rv0173
1006031_1,Rv0175
1006033_1,Rv0177
1006035_1,Rv0179c
1006337_1,Rv0481c
1006339_1,Rv0483
1006341_1,Rv0485
1006343_1,Rv0487
1006345_1,Rv0489
1006347_1,Rv0491
1006361_1,Rv0505c
1006363_1,Rv0507
1006365_1,Rv0509
1006367_1,Rv0511
1006369_1,Rv0513
1006371_1,Rv0515
1006385_1,Rv0529
1006387_1,Rv0531
1006389_1,Rv0533c
1006391_1,Rv0535
1006393_1,Rv0537c
1006395_1,Rv0539
1006409_1,Rv0553
1006411_1,Rv0555
1006413_1,Rv0557
1006415_1,Rv0559c
1006417_1,Rv0561c
1006419_1,Rv0563
1006721_1,Rv0865
1006723_1,Rv0867c
1006725_1,Rv0869c
1006727_1,Rv0871
1006729_1,Rv0873
1006731_1,Rv0875c
1006745_1,Rv0889c
1006747_1,Rv0891c
1006749_1,Rv0893c
1006751_1,Rv0895
1006753_1,Rv0897c
1006755_1,Rv0899
1006769_1,Rv0913c
1006771_1,Rv0915c
1006773_1,Rv0917
1006775_1,Rv0919
1006777_1,Rv0921
1006779_1,Rv0923c
1006793_1,Rv0937c
1006795_1,Rv0939
1006797_1,Rv0941c
1006799_1,Rv0943c
1006801_1,Rv0945
1006803_1,Rv0947c
1007105_1,Rv1249c
1007107_1,Rv1251c
1007109_1,Rv1253
1007111_1,Rv1255c
1007113_1,Rv1257c
1007115_1,Rv1259
1007129_1,Rv1273c
1007131_1,Rv1275
1007133_1,Rv1277
1007135_1,Rv1279
1007137_1,Rv1281c
1007139_1,Rv1283c
1007153_1,Rv1297
1007155_1,Rv1299
1007157_1,Rv1301
1007159_1,Rv1303
1007161_1,Rv1305
1007163_1,Rv1307
1007177_1,Rv1321
1007179_1,Rv1323
1007181_1,Rv1325c
1007183_1,Rv1327c
1007185_1,Rv1329c
1007187_1,Rv1331
1007489_1,Rv1633
1007491_1,Rv1635c
1007493_1,Rv1637c
1007495_1,Rv1639c
1007497_1,Rv1641
1007499_1,Rv1643
1007513_1,Rv1657
1007515_1,Rv1659
1007517_1,Rv1661
1007519_1,Rv1663
1007521_1,Rv1665
1007523_1,Rv1667c
1007537_1,Rv1681
1007539_1,Rv1683
1007541_1,Rv1685c
1007543_1,Rv1687c
1007545_1,Rv1689
1007547_1,Rv1691
1007561_1,Rv1705c
1007563_1,Rv1707
1007565_1,Rv1709
1007567_1,Rv1711
1007569_1,Rv1713
1007571_1,Rv1715
1007873_1,Rv2017
1007875_1,Rv2019
1007877_1,Rv2021c
1007879_1,Rv2023c
1007881_1,Rv2025c
1007883_1,Rv2027c
1007897_1,Rv2041c
1007899_1,Rv2043c
1007901_1,Rv2045c
1007903_1,Rv2047c
1007905_1,Rv2049c
1007907_1,Rv2051c
1007921_1,Rv2065
1007923_1,Rv2067c
1007925_1,Rv2069
1007927_1,Rv2071c
1007929_1,Rv2073c
1007931_1,Rv2075c
1007945_1,Rv2089c
1007947_1,Rv2091c
1007949_1,Rv2093c
1007951_1,Rv2095c
1007953_1,Rv2097c
1007955_1,Rv2099c
1008257_1,Rv2401
1008259_1,Rv2403c
1008261_1,Rv2405
1008263_1,Rv2407
1008265_1,Rv2409c
1008267_1,Rv2411c
1008281_1,Rv2425c
1008283_1,Rv2427c
1008285_1,Rv2429
1008287_1,Rv2431c
1008289_1,Rv2433c
1008291_1,Rv2435c
1008305_1,Rv2449c
1008307_1,Rv2451
1008309_1,Rv2453c
1008311_1,Rv2455c
1008313_1,Rv2457c
1008315_1,Rv2459
1008329_1,Rv2473
1008331_1,Rv2475c
1008333_1,Rv2477c
1008335_1,Rv2479c
1008337_1,Rv2481c
1008339_1,Rv2483c
1008641_1,Rv2785c
1008643_1,Rv2787
1008645_1,Rv2789c
1008647_1,Rv2791c
1008649_1,Rv2793c
1008651_1,Rv2795c
1008665_1,Rv2809
1008667_1,Rv2811
1008669_1,Rv2813
1008671_1,Rv2815c
1008673_1,Rv2817c
1008675_1,Rv2819c
1008689_1,Rv2833c
1008691_1,Rv2835c
1008693_1,Rv2837c
1008695_1,Rv2839c
1008697_1,Rv2841c
1008699_1,Rv2843
1008713_1,Rv2857c
1008715_1,Rv2859c
1008717_1,Rv2861c
1008719_1,Rv2863
1008721_1,Rv2865
1008723_1,Rv2867c
1009025_1,Rv3169
1009027_1,Rv3171c
1009029_1,Rv3173c
1009031_1,Rv3175
1009033_1,Rv3177
1009035_1,Rv3179
1009049_1,Rv3193c
1009051_1,Rv3195
1009053_1,Rv3197
1009055_1,Rv3199c
1009057_1,Rv3201c
1009059_1,Rv3203
1009073_1,Rv3217c
1009075_1,Rv3219
1009077_1,Rv3221c
1009079_1,Rv3223c
1009081_1,Rv3225c
1009083_1,Rv3227
1009097_1,Rv3241c
1009099_1,Rv3243c
1009101_1,Rv3245c
1009103_1,Rv3247c
1009105_1,Rv3249c
1009107_1,Rv3251c
1009409_1,Rv3553
1009411_1,Rv3555c
1009413_1,Rv3557c
1009415_1,Rv3559c
1009417_1,Rv3561
1009419_1,Rv3563
1009433_1,Rv3577
1009435_1,Rv3579c
1009437_1,Rv3581c
1009439_1,Rv3583c
1009441_1,Rv3585
1009443_1,Rv3587c
1009457_1,Rv3601c
1009459_1,Rv3603c
1009461_1,Rv3605c
1009463_1,Rv3607c
1009465_1,Rv3609c
1009467_1,Rv3611
1009481_1,Rv3625c
1009483_1,Rv3627c
1009485_1,Rv3629c
1009487_1,Rv3631
1009489_1,Rv3633
1009491_1,Rv3635
1009793_1,
1009795_1,
1009797_1,
1009799_1,
1009801_1,
1009803_1,
1009817_1,Rv1917c
1009819_1,
1009821_1,
1009823_1,
1009825_1,
1009827_1,
1009841_1,
1009843_1,
1009845_1,
1009847_1,
1009849_1,
1009851_1,
1009865_1,
1009867_1,
1009869_1,
1009871_1,
1009873_1,
1009875_1,
1005762_1,
1005764_1,
1005766_1,
1005768_1,
1005770_1,
1005772_1,
1005786_1,
1005788_1,
1005790_1,
1005792_1,
1005794_1,
1005796_1,
1005810_1,
1005812_1,
1005814_1,
1005816_1,
1005818_1,
1005820_1,
1005834_1,
1005836_1,
1005838_1,
1005840_1,
1005842_1,
1005844_1,
1005858_1,Rv0002
1005860_1,Rv0004
1005862_1,Rv0006
1005864_1,Rv0008c
1005866_1,Rv0010c
1005868_1,Rv0012
1005882_1,Rv0026
1005884_1,Rv0028
1005886_1,Rv0030
1005888_1,Rv0032
1005890_1,Rv0034
1005892_1,Rv0036c
1005906_1,Rv0050
1005908_1,Rv0052
1005910_1,Rv0054
1005912_1,Rv0056
1005914_1,Rv0058
1005916_1,Rv0060
1005930_1,Rv0074
1005932_1,Rv0076c
1005934_1,Rv0078
1005936_1,Rv0080
1005938_1,Rv0082
1005940_1,Rv0084
1006242_1,Rv0386
1006244_1,Rv0388c
1006246_1,Rv0390
1006248_1,Rv0392c
1006250_1,Rv0394c
1006252_1,Rv0396
1006266_1,Rv0410c
1006268_1,Rv0412c
1006270_1,Rv0414c
1006272_1,Rv0416
1006274_1,Rv0418
1006276_1,Rv0420c
1006290_1,Rv0434
1006292_1,Rv0436c
1006294_1,Rv0438c
1006296_1,Rv0440
1006298_1,Rv0442c
1006300_1,Rv0444c
1006314_1,Rv0458
1006316_1,Rv0460
1006318_1,Rv0462
1006320_1,Rv0464c
1006322_1,Rv0466
1006324_1,Rv0468
1006626_1,Rv0770
1006628_1,Rv0772
1006630_1,Rv0774c
1006632_1,Rv0776c
1006634_1,Rv0778
1006636_1,Rv0780
1006650_1,Rv0794c
1006652_1,Rv0796
1006654_1,Rv0798c
1006656_1,Rv0800
1006658_1,Rv0802c
1006660_1,Rv0804
1006674_1,Rv0818
1006676_1,Rv0820
1006678_1,Rv0822c
1006680_1,Rv0824c
1006682_1,Rv0826
1006684_1,Rv0828c
1006698_1,Rv0842
1006700_1,Rv0844c
1006702_1,Rv0846c
1006704_1,Rv0848
1006706_1,Rv0850
1006708_1,Rv0852
1007010_1,Rv1154c
1007012_1,Rv1156
1007014_1,Rv1158c
1007016_1,Rv1160
1007018_1,Rv1162
1007020_1,Rv1164
1007034_1,Rv1178
1007036_1,Rv1180
1007038_1,Rv1182
1007040_1,Rv1184c
1007042_1,Rv1186c
1007044_1,Rv1188
1007058_1,Rv1202
1007060_1,Rv1204c
1007062_1,Rv1206
1007064_1,Rv1208
1007066_1,Rv1210
1007068_1,Rv1212c
1007082_1,Rv1226c
1007084_1,Rv1228
1007086_1,Rv1230c
1007088_1,Rv1232c
1007090_1,Rv1234
1007092_1,Rv1236
1007394_1,Rv1538c
1007396_1,Rv1540
1007398_1,Rv1542c
1007400_1,Rv1544
1007402_1,Rv1546
1007404_1,Rv1548c
1007418_1,Rv1562c
1007420_1,Rv1564c
1007422_1,Rv1566c
1007424_1,Rv1568
1007426_1,Rv1570
1007428_1,Rv1572c
1007442_1,Rv1586c
1007444_1,Rv1588c
1007446_1,Rv1590
1007448_1,Rv1592c
1007450_1,Rv1594
1007452_1,Rv1596
1007466_1,Rv1610
1007468_1,Rv1612
1007470_1,Rv1614
1007472_1,Rv1616
1007474_1,Rv1618
1007476_1,Rv1620c
1007778_1,Rv1922
1007780_1,Rv1924c
1007782_1,Rv1926c
1007784_1,Rv1928c
1007786_1,Rv1930c
1007788_1,Rv1932
1007802_1,Rv1946c
1007804_1,Rv1948c
1007806_1,Rv1950c
1007808_1,Rv1952
1007810_1,Rv1954c
1007812_1,Rv1956
1007826_1,Rv1970
1007828_1,Rv1972
1007830_1,Rv1974
1007832_1,Rv1976c
1007834_1,Rv1978
1007836_1,Rv1980c
1007850_1,Rv1994c
1007852_1,Rv1996
1007854_1,Rv1998c
1007856_1,Rv2000
1007858_1,Rv2002
1007860_1,Rv2004c
1008162_1,Rv2306c
1008164_1,Rv2308
1008166_1,Rv2310
1008168_1,Rv2312
1008170_1,Rv2314c
1008172_1,Rv2316
1008186_1,Rv2330c
1008188_1,Rv2332
1008190_1,Rv2334
1008192_1,Rv2336
1008194_1,Rv2338c
1008196_1,Rv2340c
1008210_1,Rv2354
1008212_1,Rv2356c
1008214_1,Rv2358
1008216_1,Rv2360c
1008218_1,Rv2362c
1008220_1,Rv2364c
1008234_1,Rv2378c
1008236_1,Rv2380c
1008238_1,Rv2382c
1008240_1,Rv2384
1008242_1,Rv2386c
1008244_1,Rv2388c
1008546_1,Rv2690c
1008548_1,Rv2692
1008550_1,Rv2694c
1008552_1,Rv2696c
1008554_1,Rv2698
1008556_1,Rv2700
1008570_1,Rv2714
1008572_1,Rv2716
1008574_1,Rv2718c
1008576_1,Rv2720
1008578_1,Rv2722
1008580_1,Rv2724c
1008594_1,Rv2738c
1008596_1,Rv2740
1008598_1,Rv2742c
1008600_1,Rv2744c
1008602_1,Rv2746c
1008604_1,Rv2748c
1008618_1,Rv2762c
1008620_1,Rv2764c
1008622_1,Rv2766c
1008624_1,Rv2768c
1008626_1,Rv2770c
1008628_1,Rv2772c
1008930_1,Rv3074
1008932_1,Rv3076
1008934_1,Rv3078
1008936_1,Rv3080c
1008938_1,Rv3082c
1008940_1,Rv3084
1008954_1,Rv3098c
1008956_1,Rv3100c
1008958_1,Rv3102c
1008960_1,Rv3104c
1008962_1,Rv3106
1008964_1,Rv3108
1008978_1,Rv3122
1008980_1,Rv3124
1008982_1,Rv3126c
1008984_1,Rv3128c
1008986_1,Rv3130c
1008988_1,Rv3132c
1009002_1,Rv3146
1009004_1,Rv3148
1009006_1,Rv3150
1009008_1,Rv3152
1009010_1,Rv3154
1009012_1,Rv3156
1009314_1,Rv3458c
1009316_1,Rv3460c
1009318_1,Rv3462c
1009320_1,Rv3464
1009322_1,Rv3466
1009324_1,Rv3468c
1009338_1,Rv3482c
1009340_1,Rv3484
1009342_1,Rv3486
1009344_1,Rv3488
1009346_1,Rv3490
1009348_1,Rv3492c
1009362_1,Rv3506
1009364_1,Rv3508
1009366_1,Rv3510c
1009368_1,Rv3512
1009370_1,Rv3514
1009372_1,Rv3516
1009386_1,Rv3530c
1009388_1,Rv3532
1009390_1,Rv3534c
1009392_1,Rv3536c
1009394_1,Rv3538
1009396_1,Rv3540c
1009698_1,Rv3842c
1009700_1,Rv3844
1009702_1,Rv3846
1009704_1,Rv3848
1009706_1,Rv3850
1009708_1,Rv3852
1009722_1,Rv3866
1009724_1,Rv3868
1009726_1,Rv3870
1009728_1,Rv3872
1009730_1,Rv3874
1009732_1,Rv3876
1009746_1,Rv3890c
1009748_1,Rv3892c
1009750_1,Rv3894c
1009752_1,Rv3896c
1009754_1,Rv3898c
1009756_1,Rv3900c
1009770_1,Rv3914
1009772_1,Rv3916c
1009774_1,Rv3918c
1009776_1,Rv3920c
1009778_1,Rv3922c
1009780_1,Rv3924c
1005762_2,
1005764_2,
1005766_2,
1005768_2,
1005770_2,
1005772_2,
1005786_2,
1005788_2,
1005790_2,
1005792_2,
1005794_2,
1005796_2,
1005810_2,
1005812_2,
1005814_2,
1005816_2,
1005818_2,
1005820_2,
1005834_2,
1005836_2,
1005838_2,
1005840_2,
1005842_2,
1005844_2,
1005954_1,Rv0098
1005956_1,Rv0100
1005958_1,Rv0102
1005960_1,Rv0104
1005962_1,Rv0106
1005964_1,Rv0108c
1005978_1,Rv0122
1005980_1,Rv0124
1005982_1,Rv0126
1005984_1,Rv0128
1005986_1,Rv0130
1005988_1,Rv0132c
1006002_1,Rv0146
1006004_1,Rv0148
1006006_1,Rv0150c
1006008_1,Rv0152c
1006010_1,Rv0154c
1006012_1,Rv0156
1006026_1,Rv0170
1006028_1,Rv0172
1006030_1,Rv0174
1006032_1,Rv0176
1006034_1,Rv0178
1006036_1,Rv0180c
1006338_1,Rv0482
1006340_1,Rv0484c
1006342_1,Rv0486
1006344_1,Rv0488
1006346_1,Rv0490
1006348_1,Rv0492c
1006362_1,Rv0506
1006364_1,Rv0508
1006366_1,Rv0510
1006368_1,Rv0512
1006370_1,Rv0514
1006372_1,Rv0516c
1006386_1,Rv0530
1006388_1,Rv0532
1006390_1,Rv0534c
1006392_1,Rv0536
1006394_1,Rv0538
1006396_1,Rv0540
1006410_1,Rv0554
1006412_1,Rv0556
1006414_1,Rv0558
1006416_1,Rv0560c
1006418_1,Rv0562
1006420_1,Rv0564c
1006722_1,Rv0866
1006724_1,Rv0868c
1006726_1,Rv0870c
1006728_1,Rv0872c
1006730_1,Rv0874c
1006732_1,Rv0876c
1006746_1,Rv0890c
1006748_1,Rv0892
1006750_1,Rv0894
1006752_1,Rv0896
1006754_1,Rv0898c
1006756_1,Rv0900
1006770_1,Rv0914c
1006772_1,Rv0916c
1006774_1,Rv0918
1006776_1,Rv0920c
1006778_1,Rv0922
1006780_1,Rv0924c
1006794_1,Rv0938
1006796_1,Rv0940c
1006798_1,Rv0942
1006800_1,Rv0944
1006802_1,Rv0946c
1006804_1,Rv0948c
1007106_1,Rv1250
1007108_1,Rv1252c
1007110_1,Rv1254
1007112_1,Rv1256c
1007114_1,Rv1258c
1007116_1,Rv1260
1007130_1,Rv1274
1007132_1,Rv1276c
1007134_1,Rv1278
1007136_1,Rv1280c
1007138_1,Rv1282c
1007140_1,Rv1284
1007154_1,Rv1298
1007156_1,Rv1300
1007158_1,Rv1302
1007160_1,Rv1304
1007162_1,Rv1306
1007164_1,Rv1308
1007178_1,Rv1322
1007180_1,Rv1324
1007182_1,Rv1326c
1007184_1,Rv1328
1007186_1,Rv1330c
1007188_1,Rv1332
1007490_1,Rv1634
1007492_1,Rv1636
1007494_1,Rv1638
1007496_1,Rv1640c
1007498_1,Rv1642
1007500_1,Rv1644
1007514_1,Rv1658
1007516_1,Rv1660
1007518_1,Rv1662
1007520_1,Rv1664
1007522_1,Rv1666c
1007524_1,Rv1668c
1007538_1,Rv1682
1007540_1,Rv1684
1007542_1,Rv1686c
1007544_1,Rv1688
1007546_1,Rv1690
1007548_1,Rv1692
1007562_1,Rv1706c
1007564_1,Rv1708
1007566_1,Rv1710
1007568_1,Rv1712
1007570_1,Rv1714
1007572_1,Rv1716
1007874_1,Rv2018
1007876_1,Rv2020c
1007878_1,Rv2022c
1007880_1,Rv2024c
1007882_1,Rv2026c
1007884_1,Rv2028c
1007898_1,Rv2042c
1007900_1,Rv2044c
1007902_1,Rv2046
1007904_1,Rv2048c
1007906_1,Rv2050
1007908_1,Rv2052c
1007922_1,Rv2066
1007924_1,Rv2068c
1007926_1,Rv2070c
1007928_1,Rv2072c
1007930_1,Rv2074
1007932_1,Rv2076c
1007946_1,Rv2090
1007948_1,Rv2092c
1007950_1,Rv2094c
1007952_1,Rv2096c
1007954_1,Rv2098c
1007956_1,Rv2100
1008258_1,Rv2402
1008260_1,Rv2404c
1008262_1,Rv2406c
1008264_1,Rv2408
1008266_1,Rv2410c
1008268_1,Rv2412
1008282_1,Rv2426c
1008284_1,Rv2428
1008286_1,Rv2430c
1008288_1,Rv2432c
1008290_1,Rv2434c
1008292_1,Rv2436
1008306_1,Rv2450c
1008308_1,Rv2452c
1008310_1,Rv2454c
1008312_1,Rv2456c
1008314_1,Rv2458
1008316_1,Rv2460c
1008330_1,Rv2474c
1008332_1,Rv2476c
1008334_1,Rv2478c
1008336_1,Rv2480c
1008338_1,Rv2482c
1008340_1,Rv2484c
1008642_1,Rv2786c
1008644_1,Rv2788
1008646_1,Rv2790c
1008648_1,Rv2792c
1008650_1,Rv2794c
1008652_1,Rv2796c
1008666_1,Rv2810c
1008668_1,Rv2812
1008670_1,Rv2814c
1008672_1,Rv2816c
1008674_1,Rv2818c
1008676_1,Rv2820c
1008690_1,Rv2834c
1008692_1,Rv2836c
1008694_1,Rv2838c
1008696_1,Rv2840c
1008698_1,Rv2842c
1008700_1,Rv2844
1008714_1,Rv2858c
1008716_1,Rv2860c
1008718_1,Rv2862c
1008720_1,Rv2864c
1008722_1,Rv2866
1008724_1,Rv2868c
1009026_1,Rv3170
1009028_1,Rv3172c
1009030_1,Rv3174
1009032_1,Rv3176c
1009034_1,Rv3178
1009036_1,Rv3180c
1009050_1,Rv3194c
1009052_1,Rv3196
1009054_1,Rv3198c
1009056_1,Rv3200c
1009058_1,Rv3202c
1009060_1,Rv3204
1009074_1,Rv3218
1009076_1,Rv3220c
1009078_1,Rv3222c
1009080_1,Rv3224
1009082_1,Rv3226c
1009084_1,Rv3228
1009098_1,Rv3242c
1009100_1,Rv3244c
1009102_1,Rv3246c
1009104_1,Rv3248c
1009106_1,Rv3250c
1009108_1,Rv3252c
1009410_1,Rv3554
1009412_1,Rv3556c
1009414_1,Rv3558
1009416_1,Rv3560c
1009418_1,Rv3562
1009420_1,Rv3564
1009434_1,Rv3578
1009436_1,Rv3580c
1009438_1,Rv3582c
1009440_1,Rv3584
1009442_1,Rv3586
1009444_1,Rv3588c
1009458_1,Rv3602c
1009460_1,Rv3604c
1009462_1,Rv3606c
1009464_1,Rv3608c
1009466_1,Rv3610c
1009468_1,Rv3612c
1009482_1,Rv3626c
1009484_1,Rv3628
1009486_1,Rv3630
1009488_1,Rv3632
1009490_1,Rv3634c
1009492_1,Rv3636
1009794_1,
1009796_1,
1009798_1,
1009800_1,
1009802_1,
1009804_1,
1009818_1,
1009820_1,
1009822_1,
1009824_1,
1009826_1,
1009828_1,
1009842_1,
1009844_1,
1009846_1,
1009848_1,
1009850_1,
1009852_1,
1009866_1,Rv2741
1009868_1,
1009870_1,
1009872_1,
1009874_1,
1009876_1,
1005761_3,
1005763_3,
1005765_3,
1005767_3,
1005769_3,
1005771_3,
1005785_3,
1005787_3,
1005789_3,
1005791_3,
1005793_3,
1005795_3,
1005809_3,
1005811_3,
1005813_3,
1005815_3,
1005817_3,
1005819_3,
1005833_3,
1005835_3,
1005837_3,
1005839_3,
1005841_3,
1005843_3,
1006049_1,Rv0193c
1006051_1,Rv0195
1006053_1,Rv0197
1006055_1,Rv0199
1006057_1,Rv0201c
1006059_1,Rv0203
1006073_1,Rv0217c
1006075_1,Rv0219
1006077_1,Rv0221
1006079_1,Rv0223c
1006081_1,Rv0225
1006083_1,Rv0227c
1006097_1,Rv0241c
1006099_1,Rv0243
1006101_1,Rv0245
1006103_1,Rv0247c
1006105_1,Rv0249c
1006107_1,Rv0251c
1006121_1,Rv0265c
1006123_1,Rv0267
1006125_1,Rv0269c
1006127_1,Rv0271c
1006129_1,Rv0273c
1006131_1,Rv0275c
1006433_1,Rv0577
1006435_1,Rv0579
1006437_1,Rv0581
1006439_1,Rv0583c
1006441_1,Rv0585c
1006443_1,Rv0587
1006457_1,Rv0601c
1006459_1,Rv0603
1006461_1,Rv0605
1006463_1,Rv0607
1006465_1,Rv0609
1006467_1,Rv0611c
1006481_1,Rv0625c
1006483_1,Rv0627
1006485_1,Rv0629c
1006487_1,Rv0631c
1006489_1,Rv0633c
1006491_1,Rv0635
1006505_1,Rv0649
1006507_1,Rv0651
1006509_1,Rv0653c
1006511_1,Rv0655
1006513_1,Rv0657c
1006515_1,Rv0659c
1006817_1,Rv0961
1006819_1,Rv0963c
1006821_1,Rv0965c
1006823_1,Rv0967
1006825_1,Rv0969
1006827_1,Rv0971c
1006841_1,Rv0985c
1006843_1,Rv0987
1006845_1,Rv0989c
1006847_1,Rv0991c
1006849_1,Rv0993
1006851_1,Rv0995
1006865_1,Rv1009
1006867_1,Rv1011
1006869_1,Rv1013
1006871_1,Rv1015c
1006873_1,Rv1017c
1006875_1,Rv1019
1006889_1,Rv1033c
1006891_1,Rv1035c
1006893_1,Rv1037c
1006895_1,Rv1039c
1006897_1,Rv1041c
1006899_1,Rv1043c
1007201_1,Rv1345
1007203_1,Rv1347c
1007205_1,Rv1349
1007207_1,Rv1351
1007209_1,Rv1353c
1007211_1,Rv1355c
1007225_1,Rv1369c
1007227_1,Rv1371
1007229_1,Rv1373
1007231_1,Rv1375
1007233_1,Rv1377c
1007235_1,Rv1379
1007249_1,Rv1393c
1007251_1,Rv1395
1007253_1,Rv1397c
1007255_1,Rv1399c
1007257_1,Rv1401
1007259_1,Rv1403c
1007273_1,Rv1417
1007275_1,Rv1419
1007277_1,Rv1421
1007279_1,Rv1423
1007281_1,Rv1425
1007283_1,Rv1427c
1007585_1,Rv1729c
1007587_1,Rv1731
1007589_1,Rv1733c
1007591_1,Rv1735c
1007593_1,Rv1737c
1007595_1,Rv1739c
1007609_1,Rv1753c
1007611_1,Rv1755c
1007613_1,Rv1757c
1007615_1,Rv1759c
1007617_1,Rv1761c
1007619_1,Rv1763
1007633_1,Rv1777
1007635_1,Rv1779c
1007637_1,Rv1781c
1007639_1,Rv1783
1007641_1,Rv1785c
1007643_1,Rv1787
1007657_1,Rv1801
1007659_1,Rv1803c
1007661_1,Rv1805c
1007663_1,Rv1807
1007665_1,Rv1809
1007667_1,Rv1811
1007969_1,Rv2113
1007971_1,Rv2115c
1007973_1,Rv2117
1007975_1,Rv2119
1007977_1,Rv2121c
1007979_1,Rv2123
1007993_1,Rv2137c
1007995_1,Rv2139
1007997_1,Rv2141c
1007999_1,Rv2143
1008001_1,Rv2145c
1008003_1,Rv2147c
1008017_1,Rv2161c
1008019_1,Rv2163c
1008021_1,Rv2165c
1008023_1,Rv2167c
1008025_1,Rv2169c
1008027_1,Rv2171
1008041_1,Rv2185c
1008043_1,Rv2187
1008045_1,Rv2189c
1008047_1,Rv2191
1008049_1,Rv2193
1008051_1,Rv2195
1008353_1,Rv2497c
1008355_1,Rv2499c
1008357_1,Rv2501c
1008359_1,Rv2503c
1008361_1,Rv2505c
1008363_1,Rv2507
1008377_1,Rv2521
1008379_1,Rv2523c
1008381_1,Rv2525c
1008383_1,Rv2527
1008385_1,Rv2529
1008387_1,Rv2531c
1008401_1,Rv2545
1008403_1,Rv2547
1008405_1,Rv2549c
1008407_1,Rv2551c
1008409_1,Rv2553c
1008411_1,Rv2555c
1008425_1,Rv2569c
1008427_1,Rv2571c
1008429_1,Rv2573
1008431_1,Rv2575
1008433_1,Rv2577
1008435_1,Rv2579
1008737_1,Rv2881c
1008739_1,Rv2883c
1008741_1,Rv2885c
1008743_1,Rv2887
1008745_1,Rv2889c
1008747_1,Rv2891
1008761_1,Rv2905
1008763_1,Rv2907c
1008765_1,Rv2909c
1008767_1,Rv2911
1008769_1,Rv2913c
1008771_1,Rv2915c
1008785_1,Rv2929
1008787_1,Rv2931
1008789_1,Rv2933
1008791_1,Rv2935
1008793_1,Rv2937
1008795_1,Rv2939
1008809_1,Rv2953
1008811_1,Rv2955c
1008813_1,Rv2957
1008815_1,Rv2959c
1008817_1,Rv2961
1008819_1,Rv2963
1009121_1,Rv3265c
1009123_1,Rv3267
1009125_1,Rv3269
1009127_1,Rv3271c
1009129_1,Rv3273
1009131_1,Rv3275c
1009145_1,Rv3289c
1009147_1,Rv3291c
1009149_1,Rv3293
1009151_1,Rv3295
1009153_1,Rv3297
1009155_1,Rv3299c
1009169_1,Rv3313c
1009171_1,Rv3315c
1009173_1,Rv3317
1009175_1,Rv3319
1009177_1,Rv3321c
1009179_1,Rv3323c
1009193_1,Rv3337
1009195_1,Rv3339c
1009197_1,Rv3341
1009199_1,Rv3343c
1009201_1,Rv3345c
1009203_1,Rv3347c
1009505_1,Rv3649
1009507_1,Rv3651
1009509_1,Rv3653
1009511_1,Rv3655c
1009513_1,Rv3657c
1009515_1,Rv3659c
1009529_1,Rv3673c
1009531_1,Rv3675
1009533_1,Rv3677c
1009535_1,Rv3679
1009537_1,Rv3681c
1009539_1,Rv3683
1009553_1,Rv3697c
1009555_1,Rv3699
1009557_1,Rv3701c
1009559_1,Rv3703c
1009561_1,Rv3705c
1009563_1,Rv3707c
1009577_1,Rv3721c
1009579_1,Rv3723
1009581_1,Rv3725
1009583_1,Rv3727
1009585_1,Rv3729
1009587_1,Rv3731
1009889_1,
1009891_1,
1009893_1,
1009895_1,
1009897_1,
1009899_1,
1009913_1,
1009915_1,
1009917_1,
1009919_1,
1009921_1,
1009923_1,
1009937_1,
1009939_1,
1009941_1,
1009943_1,
1009945_1,
1009947_1,
1009961_1,
1009963_1,
1009965_1,
1009967_1,
1009969_1,
1009971_1,
1010081_1,
1010083_1,
1010085_1,
1010087_1,
1010089_1,
1010091_1,
1010105_1,
1010107_1,
1010109_1,
1010111_1,
1010113_1,
1010115_1,Rv1817
1010129_1,
1010131_1,
1010133_1,
1010135_1,
1010137_1,
1010139_1,Rv1450c
1010153_1,
1010155_1,
1010157_1,
1010159_1,
1010161_1,
1010163_1,
1006145_1,Rv0289
1006147_1,Rv0291
1006149_1,Rv0293c
1006151_1,Rv0295c
1006153_1,Rv0297
1006155_1,Rv0299
1006169_1,Rv0313
1006171_1,Rv0315
1006173_1,Rv0317c
1006175_1,Rv0319
1006177_1,Rv0321
1006179_1,Rv0323c
1006193_1,Rv0337c
1006195_1,Rv0339c
1006197_1,Rv0341
1006199_1,Rv0343
1006201_1,Rv0345
1006203_1,Rv0347
1006217_1,Rv0361
1006219_1,Rv0363c
1006221_1,Rv0365c
1006223_1,Rv0367c
1006225_1,Rv0369c
1006227_1,Rv0371c
1006529_1,Rv0673
1006531_1,Rv0675
1006533_1,Rv0677c
1006535_1,Rv0679c
1006537_1,Rv0681
1006539_1,Rv0683
1006553_1,Rv0697
1006555_1,Rv0699
1006557_1,Rv0701
1006559_1,Rv0703
1006561_1,Rv0705
1006563_1,Rv0707
1006577_1,Rv0721
1006579_1,Rv0723
1006581_1,Rv0725c
1006583_1,Rv0727c
1006585_1,Rv0729
1006587_1,Rv0731c
1006601_1,Rv0745
1006603_1,Rv0747
1006605_1,Rv0749
1006607_1,Rv0751c
1006609_1,Rv0753c
1006611_1,Rv0755c
1006913_1,Rv1057
1006915_1,Rv1059
1006917_1,Rv1061
1006919_1,Rv1063c
1006921_1,Rv1065
1006923_1,Rv1067c
1006937_1,Rv1081c
1006939_1,Rv1083
1006941_1,Rv1085c
1006943_1,Rv1087
1006945_1,Rv1089
1006947_1,Rv1091
1006961_1,Rv1105
1006963_1,Rv1107c
1006965_1,Rv1109c
1006967_1,Rv1111c
1006969_1,Rv1113
1006971_1,Rv1115
1006985_1,Rv1129c
1006987_1,Rv1131
1006989_1,Rv1133c
1006991_1,Rv1135c
1006993_1,Rv1137c
1006995_1,Rv1139c
1007297_1,Rv1441c
1007299_1,Rv1443c
1007301_1,Rv1445c
1007303_1,Rv1447c
1007305_1,Rv1449c
1007307_1,Rv1451
1007321_1,Rv1465
1007323_1,Rv1467c
1007325_1,Rv1469
1007327_1,Rv1471
1007329_1,Rv1473
1007331_1,Rv1475c
1007345_1,Rv1489c
1007347_1,Rv1491c
1007349_1,Rv1493
1007351_1,Rv1495
1007353_1,Rv1497
1007355_1,Rv1499
1007369_1,Rv1513
1007371_1,Rv1515c
1007373_1,Rv1517
1007375_1,Rv1519
1007377_1,Rv1521
1007379_1,Rv1523
1007681_1,Rv1825
1007683_1,Rv1827
1007685_1,Rv1829
1007687_1,Rv1831
1007689_1,Rv1833c
1007691_1,Rv1835c
1007705_1,Rv1849
1007707_1,Rv1851
1007709_1,Rv1853
1007711_1,Rv1855c
1007713_1,Rv1857
1007715_1,Rv1859
1007729_1,Rv1873
1007731_1,Rv1875
1007733_1,Rv1877
1007735_1,Rv1879
1007737_1,Rv1881c
1007739_1,Rv1883c
1007753_1,Rv1897c
1007755_1,Rv1899c
1007757_1,Rv1901
1007759_1,Rv1903
1007761_1,Rv1905c
1007763_1,Rv1907c
1008065_1,Rv2209
1008067_1,Rv2211c
1008069_1,Rv2213
1008071_1,Rv2215
1008073_1,Rv2217
1008075_1,Rv2219
1008089_1,Rv2233
1008091_1,Rv2235
1008093_1,Rv2237
1008095_1,Rv2239c
1008097_1,Rv2241
1008099_1,Rv2243
1008113_1,Rv2257c
1008115_1,Rv2259
1008117_1,Rv2261c
1008119_1,Rv2263
1008121_1,Rv2265
1008123_1,Rv2267c
1008137_1,Rv2281
1008139_1,Rv2283
1008141_1,Rv2285
1008143_1,Rv2287
1008145_1,Rv2289
1008147_1,Rv2291
1008449_1,Rv2593c
1008451_1,Rv2595
1008453_1,Rv2597
1008455_1,Rv2599
1008457_1,Rv2601
1008459_1,Rv2603c
1008473_1,Rv2617c
1008475_1,Rv2619c
1008477_1,Rv2621c
1008479_1,Rv2623
1008481_1,Rv2625c
1008483_1,Rv2627c
1008497_1,Rv2641
1008499_1,Rv2643
1008501_1,Rv2645
1008503_1,Rv2647
1008505_1,Rv2649
1008507_1,Rv2651c
1008521_1,Rv2665
1008523_1,Rv2667
1008525_1,Rv2669
1008527_1,Rv2671
1008529_1,Rv2673
1008531_1,Rv2675c
1008833_1,Rv2977c
1008835_1,Rv2979c
1008837_1,Rv2981c
1008839_1,Rv2983
1008841_1,Rv2985
1008843_1,Rv2987c
1008857_1,Rv3001c
1008859_1,Rv3003c
1008861_1,Rv3005c
1008863_1,Rv3007c
1008865_1,Rv3009c
1008867_1,Rv3011c
1008881_1,Rv3025c
1008883_1,Rv3027c
1008885_1,Rv3029c
1008887_1,Rv3031
1008889_1,Rv3033
1008891_1,Rv3035
1008905_1,Rv3049c
1008907_1,Rv3051c
1008909_1,Rv3053c
1008911_1,Rv3055
1008913_1,Rv3057c
1008915_1,Rv3059
1009217_1,Rv3361c
1009219_1,Rv3363c
1009221_1,Rv3365c
1009223_1,Rv3367
1009225_1,Rv3369
1009227_1,Rv3371
1009241_1,Rv3385c
1009243_1,Rv3387
1009245_1,Rv3389c
1009247_1,Rv3391
1009249_1,Rv3393
1009251_1,Rv3395c
1009265_1,Rv3409c
1009267_1,Rv3411c
1009269_1,Rv3413c
1009271_1,Rv3415c
1009273_1,Rv3417c
1009275_1,Rv3419c
1009289_1,Rv3433c
1009291_1,Rv3435c
1009293_1,Rv3437
1009295_1,Rv3439c
1009297_1,Rv3441c
1009299_1,Rv3443c
1009601_1,Rv3745c
1009603_1,Rv3747
1009605_1,Rv3749c
1009607_1,Rv3751
1009609_1,Rv3753c
1009611_1,Rv3755c
1009625_1,Rv3769
1009627_1,Rv3771c
1009629_1,Rv3773c
1009631_1,Rv3775
1009633_1,Rv3777
1009635_1,Rv3779
1009649_1,Rv3793
1009651_1,Rv3795
1009653_1,Rv3797
1009655_1,Rv3799c
1009657_1,Rv3801c
1009659_1,Rv3803c
1009673_1,Rv3817
1009675_1,Rv3819
1009677_1,Rv3821
1009679_1,Rv3823c
1009681_1,Rv3825c
1009683_1,Rv3827c
1009985_1,Rv1091
1009987_1,
1009989_1,
1009991_1,
1009993_1,
1009995_1,Rv0978c
1010009_1,
1010011_1,
1010013_1,
1010015_1,
1010017_1,
1010019_1,
1010033_1,
1010035_1,
1010037_1,
1010039_1,
1010041_1,
1010043_1,
1010057_1,
1010059_1,
1010061_1,
1010063_1,
1010065_1,
1010067_1,
1005762_3,
1005764_3,
1005766_3,
1005768_3,
1005770_3,
1005772_3,
1005786_3,
1005788_3,
1005790_3,
1005792_3,
1005794_3,
1005796_3,
1005810_3,
1005812_3,
1005814_3,
1005816_3,
1005818_3,
1005820_3,
1005834_3,
1005836_3,
1005838_3,
1005840_3,
1005842_3,
1005844_3,
1006050_1,Rv0194
1006052_1,Rv0196
1006054_1,Rv0198c
1006056_1,Rv0200
1006058_1,Rv0202c
1006060_1,Rv0204c
1006074_1,Rv0218
1006076_1,Rv0220
1006078_1,Rv0222
1006080_1,Rv0224c
1006082_1,Rv0226c
1006084_1,Rv0228
1006098_1,Rv0242c
1006100_1,Rv0244c
1006102_1,Rv0246
1006104_1,Rv0248c
1006106_1,Rv0250c
1006108_1,Rv0252
1006122_1,Rv0266c
1006124_1,Rv0268c
1006126_1,Rv0270
1006128_1,Rv0272c
1006130_1,Rv0274
1006132_1,Rv0276
1006434_1,Rv0578c
1006436_1,Rv0580c
1006438_1,Rv0582
1006440_1,Rv0584
1006442_1,Rv0586
1006444_1,Rv0588
1006458_1,Rv0602c
1006460_1,Rv0604
1006462_1,Rv0606
1006464_1,Rv0608
1006466_1,Rv0610c
1006468_1,Rv0612
1006482_1,Rv0626
1006484_1,Rv0628c
1006486_1,Rv0630c
1006488_1,Rv0632c
1006490_1,Rv0634c
1006492_1,Rv0636
1006506_1,Rv0650
1006508_1,Rv0652
1006510_1,Rv0654
1006512_1,Rv0656c
1006514_1,Rv0658c
1006516_1,Rv0660c
1006818_1,Rv0962c
1006820_1,Rv0964c
1006822_1,Rv0966c
1006824_1,Rv0968
1006826_1,Rv0970
1006828_1,Rv0972c
1006842_1,Rv0986
1006844_1,Rv0988
1006846_1,Rv0990c
1006848_1,Rv0992c
1006850_1,Rv0994
1006852_1,Rv0996
1006866_1,Rv1010
1006868_1,Rv1012
1006870_1,Rv1014c
1006872_1,Rv1016c
1006874_1,Rv1018c
1006876_1,Rv1020
1006890_1,Rv1034c
1006892_1,Rv1036c
1006894_1,Rv1038c
1006896_1,Rv1040c
1006898_1,Rv1042c
1006900_1,Rv1044
1007202_1,Rv1346
1007204_1,Rv1348
1007206_1,Rv1350
1007208_1,Rv1352
1007210_1,Rv1354c
1007212_1,Rv1356c
1007226_1,Rv1370c
1007228_1,Rv1372
1007230_1,Rv1374c
1007232_1,Rv1376
1007234_1,Rv1378c
1007236_1,Rv1380
1007250_1,Rv1394c
1007252_1,Rv1396c
1007254_1,Rv1398c
1007256_1,Rv1400c
1007258_1,Rv1402
1007260_1,Rv1404
1007274_1,Rv1418
1007276_1,Rv1420
1007278_1,Rv1422
1007280_1,Rv1424c
1007282_1,Rv1426c
1007284_1,Rv1428c
1007586_1,Rv1730c
1007588_1,Rv1732c
1007590_1,Rv1734c
1007592_1,Rv1736c
1007594_1,Rv1738
1007596_1,Rv1740
1007610_1,Rv1754c
1007612_1,Rv1756c
1007614_1,Rv1758
1007616_1,Rv1760
1007618_1,Rv1762c
1007620_1,Rv1764
1007634_1,Rv1778c
1007636_1,Rv1780
1007638_1,Rv1782
1007640_1,Rv1784
1007642_1,Rv1786
1007644_1,Rv1788
1007658_1,Rv1802
1007660_1,Rv1804c
1007662_1,Rv1806
1007664_1,Rv1808
1007666_1,Rv1810
1007668_1,Rv1812c
1007970_1,Rv2114
1007972_1,Rv2116
1007974_1,Rv2118c
1007976_1,Rv2120c
1007978_1,Rv2122c
1007980_1,Rv2124c
1007994_1,Rv2138
1007996_1,Rv2140c
1007998_1,Rv2142c
1008000_1,Rv2144c
1008002_1,Rv2146c
1008004_1,Rv2148c
1008018_1,Rv2162c
1008020_1,Rv2164c
1008022_1,Rv2166c
1008024_1,Rv2168c
1008026_1,Rv2170
1008028_1,Rv2172c
1008042_1,Rv2186c
1008044_1,Rv2188c
1008046_1,Rv2190c
1008048_1,Rv2192c
1008050_1,Rv2194
1008052_1,Rv2196
1008354_1,Rv2498c
1008356_1,Rv2500c
1008358_1,Rv2502c
1008360_1,Rv2504c
1008362_1,Rv2506
1008364_1,Rv2508c
1008378_1,Rv2522c
1008380_1,Rv2524c
1008382_1,Rv2526
1008384_1,Rv2528c
1008386_1,Rv2530c
1008388_1,Rv2532c
1008402_1,Rv2546
1008404_1,Rv2548
1008406_1,Rv2550c
1008408_1,Rv2552c
1008410_1,Rv2554c
1008412_1,Rv2556c
1008426_1,Rv2570
1008428_1,Rv2572c
1008430_1,Rv2574
1008432_1,Rv2576c
1008434_1,Rv2578c
1008436_1,Rv2580c
1008738_1,Rv2882c
1008740_1,Rv2884
1008742_1,Rv2886c
1008744_1,Rv2888c
1008746_1,Rv2890c
1008748_1,Rv2892c
1008762_1,Rv2906c
1008764_1,Rv2908c
1008766_1,Rv2910c
1008768_1,Rv2912c
1008770_1,Rv2914c
1008772_1,Rv2916c
1008786_1,Rv2930
1008788_1,Rv2932
1008790_1,Rv2934
1008792_1,Rv2936
1008794_1,Rv2938
1008796_1,Rv2940c
1008810_1,Rv2954c
1008812_1,Rv2956
1008814_1,Rv2958c
1008816_1,Rv2960c
1008818_1,Rv2962c
1008820_1,Rv2964
1009122_1,Rv3266c
1009124_1,Rv3268
1009126_1,Rv3270
1009128_1,Rv3272
1009130_1,Rv3274c
1009132_1,Rv3276c
1009146_1,Rv3290c
1009148_1,Rv3292
1009150_1,Rv3294
1009152_1,Rv3296
1009154_1,Rv3298c
1009156_1,Rv3300c
1009170_1,Rv3314c
1009172_1,Rv3316
1009174_1,Rv3318
1009176_1,Rv3320c
1009178_1,Rv3322c
1009180_1,Rv3324c
1009194_1,Rv3338
1009196_1,Rv3340
1009198_1,Rv3342
1009200_1,Rv3344c
1009202_1,Rv3346c
1009204_1,Rv3348
1009506_1,Rv3650
1009508_1,Rv3652
1009510_1,Rv3654c
1009512_1,Rv3656c
1009514_1,Rv3658c
1009516_1,Rv3660c
1009530_1,Rv3674c
1009532_1,Rv3676
1009534_1,Rv3678c
1009536_1,Rv3680
1009538_1,Rv3682
1009540_1,Rv3684
1009554_1,Rv3698
1009556_1,Rv3700c
1009558_1,Rv3702c
1009560_1,Rv3704c
1009562_1,Rv3706c
1009564_1,Rv3708c
1009578_1,Rv3722c
1009580_1,Rv3724
1009582_1,Rv3726
1009584_1,Rv3728
1009586_1,Rv3730c
1009588_1,Rv3732
1009890_1,
1009892_1,
1009894_1,
1009896_1,
1009898_1,
1009900_1,
1009914_1,Rv3595c
1009916_1,
1009918_1,
1009920_1,
1009922_1,
1009924_1,
1009938_1,
1009940_1,
1009942_1,
1009944_1,
1009946_1,
1009948_1,
1009962_1,Rv0792c
1009964_1,
1009966_1,Rv0834c
1009968_1,
1009970_1,
1009972_1,
1010082_1,
1010084_1,
1010086_1,
1010088_1,
1010090_1,
1010092_1,
1010106_1,
1010108_1,
1010110_1,
1010112_1,
1010114_1,
1010116_1,
1010130_1,
1010132_1,
1010134_1,
1010136_1,
1010138_1,
1010140_1,
1010154_1,
1010156_1,
1010158_1,
1010160_1,
1010162_1,
1010164_1,
1006146_1,Rv0290
1006148_1,Rv0292
1006150_1,Rv0294
1006152_1,Rv0296c
1006154_1,Rv0298
1006156_1,Rv0300
1006170_1,Rv0314c
1006172_1,Rv0316
1006174_1,Rv0318c
1006176_1,Rv0320
1006178_1,Rv0322
1006180_1,Rv0324
1006194_1,Rv0338c
1006196_1,Rv0340
1006198_1,Rv0342
1006200_1,Rv0344c
1006202_1,Rv0346c
1006204_1,Rv0348
1006218_1,Rv0362
1006220_1,Rv0364
1006222_1,Rv0366c
1006224_1,Rv0368c
1006226_1,Rv0370c
1006228_1,Rv0372c
1006530_1,Rv0674
1006532_1,Rv0676c
1006534_1,Rv0678
1006536_1,Rv0680c
1006538_1,Rv0682
1006540_1,Rv0684
1006554_1,Rv0698
1006556_1,Rv0700
1006558_1,Rv0702
1006560_1,Rv0704
1006562_1,Rv0706
1006564_1,Rv0708
1006578_1,Rv0722
1006580_1,Rv0724
1006582_1,Rv0726c
1006584_1,Rv0728c
1006586_1,Rv0730
1006588_1,Rv0732
1006602_1,Rv0746
1006604_1,Rv0748
1006606_1,Rv0750
1006608_1,Rv0752c
1006610_1,Rv0754
1006612_1,Rv0756c
1006914_1,Rv1058
1006916_1,Rv1060
1006918_1,Rv1062
1006920_1,Rv1064c
1006922_1,Rv1066
1006924_1,Rv1068c
1006938_1,Rv1082
1006940_1,Rv1084
1006942_1,Rv1086
1006944_1,Rv1088
1006946_1,Rv1090
1006948_1,Rv1092c
1006962_1,Rv1106c
1006964_1,Rv1108c
1006966_1,Rv1110
1006968_1,Rv1112
1006970_1,Rv1114
1006972_1,Rv1116
1006986_1,Rv1130
1006988_1,Rv1132
1006990_1,Rv1134
1006992_1,Rv1136
1006994_1,Rv1138c
1006996_1,Rv1140
1007298_1,Rv1442
1007300_1,Rv1444c
1007302_1,Rv1446c
1007304_1,Rv1448c
1007306_1,Rv1450c
1007308_1,Rv1452c
1007322_1,Rv1466
1007324_1,Rv1468c
1007326_1,Rv1470
1007328_1,Rv1472
1007330_1,Rv1474c
1007332_1,Rv1476
1007346_1,Rv1490
1007348_1,Rv1492
1007350_1,Rv1494
1007352_1,Rv1496
1007354_1,Rv1498c
1007356_1,Rv1500
1007370_1,Rv1514c
1007372_1,Rv1516c
1007374_1,Rv1518
1007376_1,Rv1520
1007378_1,Rv1522c
1007380_1,Rv1524
1007682_1,Rv1826
1007684_1,Rv1828
1007686_1,Rv1830
1007688_1,Rv1832
1007690_1,Rv1834
1007692_1,Rv1836c
1007706_1,Rv1850
1007708_1,Rv1852
1007710_1,Rv1854c
1007712_1,Rv1856c
1007714_1,Rv1858
1007716_1,Rv1860
1007730_1,Rv1874
1007732_1,Rv1876
1007734_1,Rv1878
1007736_1,Rv1880c
1007738_1,Rv1882c
1007740_1,Rv1884c
1007754_1,Rv1898
1007756_1,Rv1900c
1007758_1,Rv1902c
1007760_1,Rv1904
1007762_1,Rv1906c
1007764_1,Rv1908c
1008066_1,Rv2210c
1008068_1,Rv2212
1008070_1,Rv2214c
1008072_1,Rv2216
1008074_1,Rv2218
1008076_1,Rv2220
1008090_1,Rv2234
1008092_1,Rv2236c
1008094_1,Rv2238c
1008096_1,Rv2240c
1008098_1,Rv2242
1008100_1,Rv2244
1008114_1,Rv2258c
1008116_1,Rv2260
1008118_1,Rv2262c
1008120_1,Rv2264c
1008122_1,Rv2266
1008124_1,Rv2268c
1008138_1,Rv2282c
1008140_1,Rv2284
1008142_1,Rv2286c
1008144_1,Rv2288
1008146_1,Rv2290
1008148_1,Rv2292c
1008450_1,Rv2594c
1008452_1,Rv2596
1008454_1,Rv2598
1008456_1,Rv2600
1008458_1,Rv2602
1008460_1,Rv2604c
1008474_1,Rv2618
1008476_1,Rv2620c
1008478_1,Rv2622
1008480_1,Rv2624c
1008482_1,Rv2626c
1008484_1,Rv2628
1008498_1,Rv2642
1008500_1,Rv2644c
1008502_1,Rv2646
1008504_1,Rv2648
1008506_1,Rv2650c
1008508_1,Rv2652c
1008522_1,Rv2666
1008524_1,Rv2668
1008526_1,Rv2670c
1008528_1,Rv2672
1008530_1,Rv2674
1008532_1,Rv2676c
1008834_1,Rv2978c
1008836_1,Rv2980
1008838_1,Rv2982c
1008840_1,Rv2984
1008842_1,Rv2986c
1008844_1,Rv2988c
1008858_1,Rv3002c
1008860_1,Rv3004
1008862_1,Rv3006
1008864_1,Rv3008
1008866_1,Rv3010c
1008868_1,Rv3012c
1008882_1,Rv3026c
1008884_1,Rv3028c
1008886_1,Rv3030
1008888_1,Rv3032
1008890_1,Rv3034c
1008892_1,Rv3036c
1008906_1,Rv3050c
1008908_1,Rv3052c
1008910_1,Rv3054c
1008912_1,Rv3056
1008914_1,Rv3058c
1008916_1,Rv3060c
1009218_1,Rv3362c
1009220_1,Rv3364c
1009222_1,Rv3366
1009224_1,Rv3368c
1009226_1,Rv3370c
1009228_1,Rv3372
1009242_1,Rv3386
1009244_1,Rv3388
1009246_1,Rv3390
1009248_1,Rv3392c
1009250_1,Rv3394c
1009252_1,Rv3396c
1009266_1,Rv3410c
1009268_1,Rv3412
1009270_1,Rv3414c
1009272_1,Rv3416
1009274_1,Rv3418c
1009276_1,Rv3420c
1009290_1,Rv3434c
1009292_1,Rv3436c
1009294_1,Rv3438
1009296_1,Rv3440c
1009298_1,Rv3442c
1009300_1,Rv3444c
1009602_1,Rv3746c
1009604_1,Rv3748
1009606_1,Rv3750c
1009608_1,Rv3752c
1009610_1,Rv3754
1009612_1,Rv3756c
1009626_1,Rv3770c
1009628_1,Rv3772
1009630_1,Rv3774
1009632_1,Rv3776
1009634_1,Rv3778c
1009636_1,Rv3780
1009650_1,Rv3794
1009652_1,Rv3796
1009654_1,Rv3798
1009656_1,Rv3800c
1009658_1,Rv3802c
1009660_1,Rv3804c
1009674_1,Rv3818
1009676_1,Rv3820c
1009678_1,Rv3822
1009680_1,Rv3824c
1009682_1,Rv3826
1009684_1,Rv3828c
1009986_1,
1009988_1,
1009990_1,
1009992_1,
1009994_1,
1009996_1,Rv1087
1010010_1,
1010012_1,
1010014_1,
1010016_1,
1010018_1,
1010020_1,
1010034_1,Rv0747
1010036_1,
1010038_1,
1010040_1,
1010042_1,
1010044_1,
1010058_1,
1010060_1,
1010062_1,
1010064_1,
1010066_1,
1010068_1,
1005773_1,
1005775_1,
1005777_1,
1005779_1,
1005781_1,
1005783_1,
1005797_1,
1005799_1,
1005801_1,
1005803_1,
1005805_1,
1005807_1,
1005821_1,
1005823_1,
1005825_1,
1005827_1,
1005829_1,
1005831_1,
1005845_1,
1005847_1,
1005849_1,
1005851_1,
1005853_1,
1005855_1,
1005869_1,Rv0013
1005871_1,Rv0015c
1005873_1,Rv0017c
1005875_1,Rv0019c
1005877_1,Rv0021c
1005879_1,Rv0023
1005893_1,Rv0037c
1005895_1,Rv0039c
1005897_1,Rv0041
1005899_1,Rv0043c
1005901_1,Rv0045c
1005903_1,Rv0047c
1005917_1,Rv0061
1005919_1,Rv0063
1005921_1,Rv0065
1005923_1,Rv0067c
1005925_1,Rv0069c
1005927_1,Rv0071
1005941_1,Rv0085
1005943_1,Rv0087
1005945_1,Rv0089
1005947_1,Rv0091
1005949_1,Rv0093c
1005951_1,Rv0095c
1006253_1,Rv0397
1006255_1,Rv0399c
1006257_1,Rv0401
1006259_1,Rv0403c
1006261_1,Rv0405
1006263_1,Rv0407
1006277_1,Rv0421c
1006279_1,Rv0423c
1006281_1,Rv0425c
1006283_1,Rv0427c
1006285_1,Rv0429c
1006287_1,Rv0431
1006301_1,Rv0445c
1006303_1,Rv0447c
1006305_1,Rv0449c
1006307_1,Rv0451c
1006309_1,Rv0453
1006311_1,Rv0455c
1006325_1,Rv0469
1006327_1,Rv0471c
1006329_1,Rv0473
1006331_1,Rv0475
1006333_1,Rv0477
1006335_1,Rv0479c
1006637_1,Rv0781
1006639_1,Rv0783c
1006641_1,Rv0785
1006643_1,Rv0787
1006645_1,Rv0789c
1006647_1,Rv0791c
1006661_1,Rv0805
1006663_1,Rv0807
1006665_1,Rv0809
1006667_1,Rv0811c
1006669_1,Rv0813c
1006671_1,Rv0815c
1006685_1,Rv0829
1006687_1,Rv0831c
1006689_1,Rv0833
1006691_1,Rv0835
1006693_1,Rv0837c
1006695_1,Rv0839
1006709_1,Rv0853c
1006711_1,Rv0855
1006713_1,Rv0857
1006715_1,Rv0859
1006717_1,Rv0861c
1006719_1,Rv0863
1007021_1,Rv1165
1007023_1,Rv1167c
1007025_1,Rv1169c
1007027_1,Rv1171
1007029_1,Rv1173
1007031_1,Rv1175c
1007045_1,Rv1189
1007047_1,Rv1191
1007049_1,Rv1193
1007051_1,Rv1195
1007053_1,Rv1197
1007055_1,Rv1199c
1007069_1,Rv1213
1007071_1,Rv1215c
1007073_1,Rv1217c
1007075_1,Rv1219c
1007077_1,Rv1221
1007079_1,Rv1223
1007093_1,Rv1237
1007095_1,Rv1239c
1007097_1,Rv1241
1007099_1,Rv1243c
1007101_1,Rv1245c
1007103_1,Rv1247c
1007405_1,Rv1549
1007407_1,Rv1551
1007409_1,Rv1553
1007411_1,Rv1555
1007413_1,Rv1557
1007415_1,Rv1559
1007429_1,Rv1573
1007431_1,Rv1575
1007433_1,Rv1577c
1007435_1,Rv1579c
1007437_1,Rv1581c
1007439_1,Rv1583c
1007453_1,Rv1597
1007455_1,Rv1599
1007457_1,Rv1601
1007459_1,Rv1603
1007461_1,Rv1605
1007463_1,Rv1607
1007477_1,Rv1621c
1007479_1,Rv1623c
1007481_1,Rv1625c
1007483_1,Rv1627c
1007485_1,Rv1629
1007487_1,Rv1631
1007789_1,Rv1933c
1007791_1,Rv1935c
1007793_1,Rv1937
1007795_1,Rv1939
1007797_1,Rv1941
1007799_1,Rv1943c
1007813_1,Rv1957
1007815_1,Rv1959c
1007817_1,Rv1961
1007819_1,Rv1963c
1007821_1,Rv1965
1007823_1,Rv1967
1007837_1,Rv1981c
1007839_1,Rv1983
1007841_1,Rv1985c
1007843_1,Rv1987
1007845_1,Rv1989c
1007847_1,Rv1991c
1007861_1,Rv2005c
1007863_1,Rv2007c
1007865_1,Rv2009
1007867_1,Rv2011c
1007869_1,Rv2013
1007871_1,Rv2015c
1008173_1,Rv2317
1008175_1,Rv2319c
1008177_1,Rv2321c
1008179_1,Rv2323c
1008181_1,Rv2325c
1008183_1,Rv2327
1008197_1,Rv2341
1008199_1,Rv2343c
1008201_1,Rv2345
1008203_1,Rv2347c
1008205_1,Rv2349c
1008207_1,Rv2351c
1008221_1,Rv2365c
1008223_1,Rv2367c
1008225_1,Rv2369c
1008227_1,Rv2371
1008229_1,Rv2373c
1008231_1,Rv2375
1008245_1,Rv2389c
1008247_1,Rv2391
1008249_1,Rv2393
1008251_1,Rv2395
1008253_1,Rv2397c
1008255_1,Rv2399c
1008557_1,Rv2701c
1008559_1,Rv2703
1008561_1,Rv2705c
1008563_1,Rv2707
1008565_1,Rv2709
1008567_1,Rv2711
1008581_1,Rv2725c
1008583_1,Rv2727c
1008585_1,Rv2729c
1008587_1,Rv2731
1008589_1,Rv2733c
1008591_1,Rv2735c
1008605_1,Rv2749
1008607_1,Rv2751
1008609_1,Rv2753c
1008611_1,Rv2755c
1008613_1,Rv2757c
1008615_1,Rv2759c
1008629_1,Rv2773c
1008631_1,Rv2775
1008633_1,Rv2777c
1008635_1,Rv2779c
1008637_1,Rv2781c
1008639_1,Rv2783c
1008941_1,Rv3085
1008943_1,Rv3087
1008945_1,Rv3089
1008947_1,Rv3091
1008949_1,Rv3093c
1008951_1,Rv3095
1008965_1,Rv3109
1008967_1,Rv3111
1008969_1,Rv3113
1008971_1,Rv3115
1008973_1,Rv3117
1008975_1,Rv3119
1008989_1,Rv3133c
1008991_1,Rv3135
1008993_1,Rv3137
1008995_1,Rv3139
1008997_1,Rv3141
1008999_1,Rv3143
1009013_1,Rv3157
1009015_1,Rv3159c
1009017_1,Rv3161c
1009019_1,Rv3163c
1009021_1,Rv3165c
1009023_1,Rv3167c
1009325_1,Rv3469c
1009327_1,Rv3471c
1009329_1,Rv3473c
1009331_1,Rv3475
1009333_1,Rv3477
1009335_1,Rv3479
1009349_1,Rv3493c
1009351_1,Rv3495c
1009353_1,Rv3497c
1009355_1,Rv3499c
1009357_1,Rv3501c
1009359_1,Rv3503c
1009373_1,Rv3517
1009375_1,Rv3519
1009377_1,Rv3521
1009379_1,Rv3523
1009381_1,Rv3525c
1009383_1,Rv3527
1009397_1,Rv3541c
1009399_1,Rv3543c
1009401_1,Rv3545c
1009403_1,Rv3547
1009405_1,Rv3549c
1009407_1,Rv3551
1009709_1,Rv3853
1009711_1,Rv3855
1009713_1,Rv3857c
1009715_1,Rv3859c
1009717_1,Rv3861
1009719_1,Rv3863
1009733_1,Rv3877
1009735_1,Rv3879c
1009737_1,Rv3881c
1009739_1,Rv3883c
1009741_1,Rv3885c
1009743_1,Rv3887c
1009757_1,Rv3901c
1009759_1,Rv3903c
1009761_1,Rv3905c
1009763_1,Rv3907c
1009765_1,Rv3909
1009767_1,Rv3911
1009781_1,
1009783_1,
1009785_1,
1009787_1,
1009789_1,
1009791_1,
1005773_2,
1005775_2,
1005777_2,
1005779_2,
1005781_2,
1005783_2,
1005797_2,
1005799_2,
1005801_2,
1005803_2,
1005805_2,
1005807_2,
1005821_2,
1005823_2,
1005825_2,
1005827_2,
1005829_2,
1005831_2,
1005845_2,
1005847_2,
1005849_2,
1005851_2,
1005853_2,
1005855_2,
1005965_1,Rv0109
1005967_1,Rv0111
1005969_1,Rv0113
1005971_1,Rv0115
1005973_1,Rv0117
1005975_1,Rv0119
1005989_1,Rv0133
1005991_1,Rv0135c
1005993_1,Rv0137c
1005995_1,Rv0139
1005997_1,Rv0141c
1005999_1,Rv0143c
1006013_1,Rv0157
1006015_1,Rv0159c
1006017_1,Rv0161
1006019_1,Rv0163
1006021_1,Rv0165c
1006023_1,Rv0167
1006037_1,Rv0181c
1006039_1,Rv0183
1006041_1,Rv0185
1006043_1,Rv0187
1006045_1,Rv0189c
1006047_1,Rv0191
1006349_1,Rv0493c
1006351_1,Rv0495c
1006353_1,Rv0497
1006355_1,Rv0499
1006357_1,Rv0501
1006359_1,Rv0503c
1006373_1,Rv0517
1006375_1,Rv0519c
1006377_1,Rv0521c
1006379_1,Rv0523c
1006381_1,Rv0525
1006383_1,Rv0527
1006397_1,Rv0541c
1006399_1,Rv0543c
1006401_1,Rv0545c
1006403_1,Rv0547c
1006405_1,Rv0549c
1006407_1,Rv0551c
1006421_1,Rv0565c
1006423_1,Rv0567
1006425_1,Rv0569
1006427_1,Rv0571c
1006429_1,Rv0573c
1006431_1,Rv0575c
1006733_1,Rv0877
1006735_1,Rv0879c
1006737_1,Rv0881
1006739_1,Rv0883c
1006741_1,Rv0885
1006743_1,Rv0887c
1006757_1,Rv0901
1006759_1,Rv0903c
1006761_1,Rv0905
1006763_1,Rv0907
1006765_1,Rv0909
1006767_1,Rv0911
1006781_1,Rv0925c
1006783_1,Rv0927c
1006785_1,Rv0929
1006787_1,Rv0931c
1006789_1,Rv0933
1006791_1,Rv0935
1006805_1,Rv0949
1006807_1,Rv0951
1006809_1,Rv0953c
1006811_1,Rv0955
1006813_1,Rv0957
1006815_1,Rv0959
1007117_1,Rv1261c
1007119_1,Rv1263
1007121_1,Rv1265
1007123_1,Rv1267c
1007125_1,Rv1269c
1007127_1,Rv1271c
1007141_1,Rv1285
1007143_1,Rv1287
1007145_1,Rv1289
1007147_1,Rv1291c
1007149_1,Rv1293
1007151_1,Rv1295
1007165_1,Rv1309
1007167_1,Rv1311
1007169_1,Rv1313c
1007171_1,Rv1315
1007173_1,Rv1317c
1007175_1,Rv1319c
1007189_1,Rv1333
1007191_1,Rv1335
1007193_1,Rv1337
1007195_1,Rv1339
1007197_1,Rv1341
1007199_1,Rv1343c
1007501_1,Rv1645c
1007503_1,Rv1647
1007505_1,Rv1649
1007507_1,Rv1651c
1007509_1,Rv1653
1007511_1,Rv1655
1007525_1,Rv1669
1007527_1,Rv1671
1007529_1,Rv1673c
1007531_1,Rv1675c
1007533_1,Rv1677
1007535_1,Rv1679
1007549_1,Rv1693
1007551_1,Rv1695
1007553_1,Rv1697
1007555_1,Rv1699
1007557_1,Rv1701
1007559_1,Rv1703c
1007573_1,Rv1717
1007575_1,Rv1719
1007577_1,Rv1721c
1007579_1,Rv1723
1007581_1,Rv1725c
1007583_1,Rv1727
1007885_1,Rv2029c
1007887_1,Rv2031c
1007889_1,Rv2033c
1007891_1,Rv2035
1007893_1,Rv2037c
1007895_1,Rv2039c
1007909_1,Rv2053c
1007911_1,Rv2055c
1007913_1,Rv2057c
1007915_1,Rv2059
1007917_1,Rv2061c
1007919_1,Rv2063c
1007933_1,Rv2077c
1007935_1,Rv2079
1007937_1,Rv2081c
1007939_1,Rv2083
1007941_1,Rv2085
1007943_1,Rv2087
1007957_1,Rv2101
1007959_1,Rv2103c
1007961_1,Rv2105
1007963_1,Rv2107
1007965_1,Rv2109c
1007967_1,Rv2111c
1008269_1,Rv2413c
1008271_1,Rv2415c
1008273_1,Rv2417c
1008275_1,Rv2419c
1008277_1,Rv2421c
1008279_1,Rv2423
1008293_1,Rv2437
1008295_1,Rv2439c
1008297_1,Rv2441c
1008299_1,Rv2443
1008301_1,Rv2445c
1008303_1,Rv2447c
1008317_1,Rv2461c
1008319_1,Rv2463
1008321_1,Rv2465c
1008323_1,Rv2467
1008325_1,Rv2469c
1008327_1,Rv2471
1008341_1,Rv2485c
1008343_1,Rv2487c
1008345_1,Rv2489c
1008347_1,Rv2491
1008349_1,Rv2493
1008351_1,Rv2495c
1008653_1,Rv2797c
1008655_1,Rv2799
1008657_1,Rv2801c
1008659_1,Rv2803c
1008661_1,Rv2805
1008663_1,Rv2807
1008677_1,Rv2821c
1008679_1,Rv2823c
1008681_1,Rv2825c
1008683_1,Rv2827c
1008685_1,Rv2829c
1008687_1,Rv2831
1008701_1,Rv2845c
1008703_1,Rv2847c
1008705_1,Rv2849c
1008707_1,Rv2851c
1008709_1,Rv2853
1008711_1,Rv2855
1008725_1,Rv2869c
1008727_1,Rv2871
1008729_1,Rv2873
1008731_1,Rv2875
1008733_1,Rv2877c
1008735_1,Rv2879c
1009037_1,Rv3181c
1009039_1,Rv3183
1009041_1,Rv3185
1009043_1,Rv3187
1009045_1,Rv3189
1009047_1,Rv3191c
1009061_1,Rv3205c
1009063_1,Rv3207c
1009065_1,Rv3209
1009067_1,Rv3211
1009069_1,Rv3213c
1009071_1,Rv3215
1009085_1,Rv3229c
1009087_1,Rv3231c
1009089_1,Rv3233c
1009091_1,Rv3235
1009093_1,Rv3237c
1009095_1,Rv3239c
1009109_1,Rv3253c
1009111_1,Rv3255c
1009113_1,Rv3257c
1009115_1,Rv3259
1009117_1,Rv3261
1009119_1,Rv3263
1009421_1,Rv3565
1009423_1,Rv3567c
1009425_1,Rv3569c
1009427_1,Rv3571
1009429_1,Rv3573c
1009431_1,Rv3575c
1009445_1,Rv3589
1009447_1,Rv3591c
1009449_1,Rv3593
1009451_1,Rv3595c
1009453_1,Rv3597c
1009455_1,Rv3599c
1009469_1,Rv3613c
1009471_1,Rv3615c
1009473_1,Rv3617
1009475_1,Rv3619c
1009477_1,Rv3621c
1009479_1,Rv3623
1009493_1,Rv3637
1009495_1,Rv3639c
1009497_1,Rv3641c
1009499_1,Rv3643
1009501_1,Rv3645
1009503_1,Rv3647c
1009805_1,Rv1753c
1009807_1,
1009809_1,
1009811_1,
1009813_1,
1009815_1,
1009829_1,
1009831_1,Rv2082
1009833_1,
1009835_1,
1009837_1,
1009839_1,
1009853_1,
1009855_1,
1009857_1,
1009859_1,
1009861_1,
1009863_1,
1009877_1,
1009879_1,
1009881_1,
1009883_1,
1009885_1,
1009887_1,
1005774_1,
1005776_1,
1005778_1,
1005780_1,
1005782_1,
1005784_1,
1005798_1,
1005800_1,
1005802_1,
1005804_1,
1005806_1,
1005808_1,
1005822_1,
1005824_1,
1005826_1,
1005828_1,
1005830_1,
1005832_1,
1005846_1,
1005848_1,
1005850_1,
1005852_1,
1005854_1,
1005856_1,
1005870_1,Rv0014c
1005872_1,Rv0016c
1005874_1,Rv0018c
1005876_1,Rv0020c
1005878_1,Rv0022c
1005880_1,Rv0024
1005894_1,Rv0038
1005896_1,Rv0040c
1005898_1,Rv0042c
1005900_1,Rv0044c
1005902_1,Rv0046c
1005904_1,Rv0048c
1005918_1,Rv0062
1005920_1,Rv0064
1005922_1,Rv0066c
1005924_1,Rv0068
1005926_1,Rv0070c
1005928_1,Rv0072
1005942_1,Rv0086
1005944_1,Rv0088
1005946_1,Rv0090
1005948_1,Rv0092
1005950_1,Rv0094c
1005952_1,Rv0096
1006254_1,Rv0398c
1006256_1,Rv0400c
1006258_1,Rv0402c
1006260_1,Rv0404
1006262_1,Rv0406c
1006264_1,Rv0408
1006278_1,Rv0422c
1006280_1,Rv0424c
1006282_1,Rv0426c
1006284_1,Rv0428c
1006286_1,Rv0430
1006288_1,Rv0432
1006302_1,Rv0446c
1006304_1,Rv0448c
1006306_1,Rv0450c
1006308_1,Rv0452
1006310_1,Rv0454
1006312_1,Rv0456c
1006326_1,Rv0470c
1006328_1,Rv0472c
1006330_1,Rv0474
1006332_1,Rv0476
1006334_1,Rv0478
1006336_1,Rv0480c
1006638_1,Rv0782
1006640_1,Rv0784
1006642_1,Rv0786c
1006644_1,Rv0788
1006646_1,Rv0790c
1006648_1,Rv0792c
1006662_1,Rv0806c
1006664_1,Rv0808
1006666_1,Rv0810c
1006668_1,Rv0812
1006670_1,Rv0814c
1006672_1,Rv0816c
1006686_1,Rv0830
1006688_1,Rv0832
1006690_1,Rv0834c
1006692_1,Rv0836c
1006694_1,Rv0838
1006696_1,Rv0840c
1006710_1,Rv0854
1006712_1,Rv0856
1006714_1,Rv0858c
1006716_1,Rv0860
1006718_1,Rv0862c
1006720_1,Rv0864
1007022_1,Rv1166
1007024_1,Rv1168c
1007026_1,Rv1170
1007028_1,Rv1172c
1007030_1,Rv1174c
1007032_1,Rv1176c
1007046_1,Rv1190
1007048_1,Rv1192
1007050_1,Rv1194c
1007052_1,Rv1196
1007054_1,Rv1198
1007056_1,Rv1200
1007070_1,Rv1214c
1007072_1,Rv1216c
1007074_1,Rv1218c
1007076_1,Rv1220c
1007078_1,Rv1222
1007080_1,Rv1224
1007094_1,Rv1238
1007096_1,Rv1240
1007098_1,Rv1242
1007100_1,Rv1244
1007102_1,Rv1246c
1007104_1,Rv1248c
1007406_1,Rv1550
1007408_1,Rv1552
1007410_1,Rv1554
1007412_1,Rv1556
1007414_1,Rv1558
1007416_1,Rv1560
1007430_1,Rv1574
1007432_1,Rv1576c
1007434_1,Rv1578c
1007436_1,Rv1580c
1007438_1,Rv1582c
1007440_1,Rv1584c
1007454_1,Rv1598c
1007456_1,Rv1600
1007458_1,Rv1602
1007460_1,Rv1604
1007462_1,Rv1606
1007464_1,Rv1608c
1007478_1,Rv1622c
1007480_1,Rv1624c
1007482_1,Rv1626
1007484_1,Rv1628c
1007486_1,Rv1630
1007488_1,Rv1632c
1007790_1,Rv1934c
1007792_1,Rv1936
1007794_1,Rv1938
1007796_1,Rv1940
1007798_1,Rv1942c
1007800_1,Rv1944c
1007814_1,Rv1958c
1007816_1,Rv1960c
1007818_1,Rv1962c
1007820_1,Rv1964
1007822_1,Rv1966
1007824_1,Rv1968
1007838_1,Rv1982c
1007840_1,Rv1984c
1007842_1,Rv1986
1007844_1,Rv1988
1007846_1,Rv1990c
1007848_1,Rv1992c
1007862_1,Rv2006
1007864_1,Rv2008c
1007866_1,Rv2010
1007868_1,Rv2012
1007870_1,Rv2014
1007872_1,Rv2016
1008174_1,Rv2318
1008176_1,Rv2320c
1008178_1,Rv2322c
1008180_1,Rv2324
1008182_1,Rv2326c
1008184_1,Rv2328
1008198_1,Rv2342
1008200_1,Rv2344c
1008202_1,Rv2346c
1008204_1,Rv2348c
1008206_1,Rv2350c
1008208_1,Rv2352c
1008222_1,Rv2366c
1008224_1,Rv2368c
1008226_1,Rv2370c
1008228_1,Rv2372c
1008230_1,Rv2374c
1008232_1,Rv2376c
1008246_1,Rv2390c
1008248_1,Rv2392
1008250_1,Rv2394
1008252_1,Rv2396
1008254_1,Rv2398c
1008256_1,Rv2400c
1008558_1,Rv2702
1008560_1,Rv2704
1008562_1,Rv2706c
1008564_1,Rv2708c
1008566_1,Rv2710
1008568_1,Rv2712c
1008582_1,Rv2726c
1008584_1,Rv2728c
1008586_1,Rv2730
1008588_1,Rv2732c
1008590_1,Rv2734
1008592_1,Rv2736c
1008606_1,Rv2750
1008608_1,Rv2752c
1008610_1,Rv2754c
1008612_1,Rv2756c
1008614_1,Rv2758c
1008616_1,Rv2760c
1008630_1,Rv2774c
1008632_1,Rv2776c
1008634_1,Rv2778c
1008636_1,Rv2780
1008638_1,Rv2782c
1008640_1,Rv2784c
1008942_1,Rv3086
1008944_1,Rv3088
1008946_1,Rv3090
1008948_1,Rv3092c
1008950_1,Rv3094c
1008952_1,Rv3096
1008966_1,Rv3110
1008968_1,Rv3112
1008970_1,Rv3114
1008972_1,Rv3116
1008974_1,Rv3118
1008976_1,Rv3120
1008990_1,Rv3134c
1008992_1,Rv3136
1008994_1,Rv3138
1008996_1,Rv3140
1008998_1,Rv3142c
1009000_1,Rv3144c
1009014_1,Rv3158
1009016_1,Rv3160c
1009018_1,Rv3162c
1009020_1,Rv3164c
1009022_1,Rv3166c
1009024_1,Rv3168
1009326_1,Rv3470c
1009328_1,Rv3472
1009330_1,Rv3474
1009332_1,Rv3476c
1009334_1,Rv3478
1009336_1,Rv3480c
1009350_1,Rv3494c
1009352_1,Rv3496c
1009354_1,Rv3498c
1009356_1,Rv3500c
1009358_1,Rv3502c
1009360_1,Rv3504
1009374_1,Rv3518c
1009376_1,Rv3520c
1009378_1,Rv3522
1009380_1,Rv3524
1009382_1,Rv3526
1009384_1,Rv3528c
1009398_1,Rv3542c
1009400_1,Rv3544c
1009402_1,Rv3546
1009404_1,Rv3548c
1009406_1,Rv3550
1009408_1,Rv3552
1009710_1,Rv3854c
1009712_1,Rv3856c
1009714_1,Rv3858c
1009716_1,Rv3860
1009718_1,Rv3862c
1009720_1,Rv3864
1009734_1,Rv3878
1009736_1,Rv3880c
1009738_1,Rv3882c
1009740_1,Rv3884c
1009742_1,Rv3886c
1009744_1,Rv3888c
1009758_1,Rv3902c
1009760_1,Rv3904c
1009762_1,Rv3906c
1009764_1,Rv3908
1009766_1,Rv3910
1009768_1,Rv3912
1009782_1,
1009784_1,
1009786_1,
1009788_1,
1009790_1,
1009792_1,Rv1452c
1005774_2,
1005776_2,
1005778_2,
1005780_2,
1005782_2,
1005784_2,
1005798_2,
1005800_2,
1005802_2,
1005804_2,
1005806_2,
1005808_2,
1005822_2,
1005824_2,
1005826_2,
1005828_2,
1005830_2,
1005832_2,
1005846_2,
1005848_2,
1005850_2,
1005852_2,
1005854_2,
1005856_2,
1005966_1,Rv0110
1005968_1,Rv0112
1005970_1,Rv0114
1005972_1,Rv0116c
1005974_1,Rv0118c
1005976_1,Rv0120c
1005990_1,Rv0134
1005992_1,Rv0136
1005994_1,Rv0138
1005996_1,Rv0140
1005998_1,Rv0142
1006000_1,Rv0144
1006014_1,Rv0158
1006016_1,Rv0160c
1006018_1,Rv0162c
1006020_1,Rv0164
1006022_1,Rv0166
1006024_1,Rv0168
1006038_1,Rv0182c
1006040_1,Rv0184
1006042_1,Rv0186
1006044_1,Rv0188
1006046_1,Rv0190
1006048_1,Rv0192
1006350_1,Rv0494
1006352_1,Rv0496
1006354_1,Rv0498
1006356_1,Rv0500
1006358_1,Rv0502
1006360_1,Rv0504c
1006374_1,Rv0518
1006376_1,Rv0520
1006378_1,Rv0522
1006380_1,Rv0524
1006382_1,Rv0526
1006384_1,Rv0528
1006398_1,Rv0542c
1006400_1,Rv0544c
1006402_1,Rv0546c
1006404_1,Rv0548c
1006406_1,Rv0550c
1006408_1,Rv0552
1006422_1,Rv0566c
1006424_1,Rv0568
1006426_1,Rv0570
1006428_1,Rv0572c
1006430_1,Rv0574c
1006432_1,Rv0576
1006734_1,Rv0878c
1006736_1,Rv0880
1006738_1,Rv0882
1006740_1,Rv0884c
1006742_1,Rv0886
1006744_1,Rv0888
1006758_1,Rv0902c
1006760_1,Rv0904c
1006762_1,Rv0906
1006764_1,Rv0908
1006766_1,Rv0910
1006768_1,Rv0912
1006782_1,Rv0926c
1006784_1,Rv0928
1006786_1,Rv0930
1006788_1,Rv0932c
1006790_1,Rv0934
1006792_1,Rv0936
1006806_1,Rv0950c
1006808_1,Rv0952
1006810_1,Rv0954
1006812_1,Rv0956
1006814_1,Rv0958
1006816_1,Rv0960
1007118_1,Rv1262c
1007120_1,Rv1264
1007122_1,Rv1266c
1007124_1,Rv1268c
1007126_1,Rv1270c
1007128_1,Rv1272c
1007142_1,Rv1286
1007144_1,Rv1288
1007146_1,Rv1290c
1007148_1,Rv1292
1007150_1,Rv1294
1007152_1,Rv1296
1007166_1,Rv1310
1007168_1,Rv1312
1007170_1,Rv1314c
1007172_1,Rv1316c
1007174_1,Rv1318c
1007176_1,Rv1320c
1007190_1,Rv1334
1007192_1,Rv1336
1007194_1,Rv1338
1007196_1,Rv1340
1007198_1,Rv1342c
1007200_1,Rv1344
1007502_1,Rv1646
1007504_1,Rv1648
1007506_1,Rv1650
1007508_1,Rv1652
1007510_1,Rv1654
1007512_1,Rv1656
1007526_1,Rv1670
1007528_1,Rv1672c
1007530_1,Rv1674c
1007532_1,Rv1676
1007534_1,Rv1678
1007536_1,Rv1680
1007550_1,Rv1694
1007552_1,Rv1696
1007554_1,Rv1698
1007556_1,Rv1700
1007558_1,Rv1702c
1007560_1,Rv1704c
1007574_1,Rv1718
1007576_1,Rv1720c
1007578_1,Rv1722
1007580_1,Rv1724c
1007582_1,Rv1726
1007584_1,Rv1728c
1007886_1,Rv2030c
1007888_1,Rv2032
1007890_1,Rv2034
1007892_1,Rv2036
1007894_1,Rv2038c
1007896_1,Rv2040c
1007910_1,Rv2054
1007912_1,Rv2056c
1007914_1,Rv2058c
1007916_1,Rv2060
1007918_1,Rv2062c
1007920_1,Rv2064
1007934_1,Rv2078
1007936_1,Rv2080
1007938_1,Rv2082
1007940_1,Rv2084
1007942_1,Rv2086
1007944_1,Rv2088
1007958_1,Rv2102
1007960_1,Rv2104c
1007962_1,Rv2106
1007964_1,Rv2108
1007966_1,Rv2110c
1007968_1,Rv2112c
1008270_1,Rv2414c
1008272_1,Rv2416c
1008274_1,Rv2418c
1008276_1,Rv2420c
1008278_1,Rv2422
1008280_1,Rv2424c
1008294_1,Rv2438c
1008296_1,Rv2440c
1008298_1,Rv2442c
1008300_1,Rv2444c
1008302_1,Rv2446c
1008304_1,Rv2448c
1008318_1,Rv2462c
1008320_1,Rv2464c
1008322_1,Rv2466c
1008324_1,Rv2468c
1008326_1,Rv2470
1008328_1,Rv2472
1008342_1,Rv2486
1008344_1,Rv2488c
1008346_1,Rv2490c
1008348_1,Rv2492
1008350_1,Rv2494
1008352_1,Rv2496c
1008654_1,Rv2798c
1008656_1,Rv2800
1008658_1,Rv2802c
1008660_1,Rv2804c
1008662_1,Rv2806
1008664_1,Rv2808
1008678_1,Rv2822c
1008680_1,Rv2824c
1008682_1,Rv2826c
1008684_1,Rv2828c
1008686_1,Rv2830c
1008688_1,Rv2832c
1008702_1,Rv2846c
1008704_1,Rv2848c
1008706_1,Rv2850c
1008708_1,Rv2852c
1008710_1,Rv2854
1008712_1,Rv2856
1008726_1,Rv2870c
1008728_1,Rv2872
1008730_1,Rv2874
1008732_1,Rv2876
1008734_1,Rv2878c
1008736_1,Rv2880c
1009038_1,Rv3182
1009040_1,Rv3184
1009042_1,Rv3186
1009044_1,Rv3188
1009046_1,Rv3190c
1009048_1,Rv3192
1009062_1,Rv3206c
1009064_1,Rv3208
1009066_1,Rv3210c
1009068_1,Rv3212
1009070_1,Rv3214
1009072_1,Rv3216
1009086_1,Rv3230c
1009088_1,Rv3232c
1009090_1,Rv3234c
1009092_1,Rv3236c
1009094_1,Rv3238c
1009096_1,Rv3240c
1009110_1,Rv3254
1009112_1,Rv3256c
1009114_1,Rv3258c
1009116_1,Rv3260c
1009118_1,Rv3262
1009120_1,Rv3264c
1009422_1,Rv3566c
1009424_1,Rv3568c
1009426_1,Rv3570c
1009428_1,Rv3572
1009430_1,Rv3574
1009432_1,Rv3576
1009446_1,Rv3590c
1009448_1,Rv3592
1009450_1,Rv3594
1009452_1,Rv3596c
1009454_1,Rv3598c
1009456_1,Rv3600c
1009470_1,Rv3614c
1009472_1,Rv3616c
1009474_1,Rv3618
1009476_1,Rv3620c
1009478_1,Rv3622c
1009480_1,Rv3624c
1009494_1,Rv3638
1009496_1,Rv3640c
1009498_1,Rv3642c
1009500_1,Rv3644c
1009502_1,Rv3646c
1009504_1,Rv3648c
1009806_1,
1009808_1,
1009810_1,
1009812_1,
1009814_1,
1009816_1,
1009830_1,
1009832_1,
1009834_1,
1009836_1,
1009838_1,
1009840_1,
1009854_1,
1009856_1,
1009858_1,
1009860_1,
1009862_1,
1009864_1,
1009878_1,
1009880_1,
1009882_1,
1009884_1,
1009886_1,
1009888_1,
1005773_3,
1005775_3,
1005777_3,
1005779_3,
1005781_3,
1005783_3,
1005797_3,
1005799_3,
1005801_3,
1005803_3,
1005805_3,
1005807_3,
1005821_3,
1005823_3,
1005825_3,
1005827_3,
1005829_3,
1005831_3,
1005845_3,
1005847_3,
1005849_3,
1005851_3,
1005853_3,
1005855_3,
1006061_1,Rv0205
1006063_1,Rv0207c
1006065_1,Rv0209
1006067_1,Rv0211
1006069_1,Rv0213c
1006071_1,Rv0215c
1006085_1,Rv0229c
1006087_1,Rv0231
1006089_1,Rv0233
1006091_1,Rv0235c
1006093_1,Rv0237
1006095_1,Rv0239
1006109_1,Rv0253
1006111_1,Rv0255c
1006113_1,Rv0257c
1006115_1,Rv0259c
1006117_1,Rv0261c
1006119_1,Rv0263c
1006133_1,Rv0277c
1006135_1,Rv0279c
1006137_1,Rv0281
1006139_1,Rv0283
1006141_1,Rv0285
1006143_1,Rv0287
1006445_1,Rv0589
1006447_1,Rv0591
1006449_1,Rv0593
1006451_1,Rv0595c
1006453_1,Rv0597c
1006455_1,Rv0599c
1006469_1,Rv0613c
1006471_1,Rv0615
1006473_1,Rv0617
1006475_1,Rv0619
1006477_1,Rv0621
1006479_1,Rv0623
1006493_1,Rv0637
1006495_1,Rv0639
1006497_1,Rv0641
1006499_1,Rv0643c
1006501_1,Rv0645c
1006503_1,Rv0647c
1006517_1,Rv0661c
1006519_1,Rv0663
1006521_1,Rv0665
1006523_1,Rv0667
1006525_1,Rv0669c
1006527_1,Rv0671
1006829_1,Rv0973c
1006831_1,Rv0975c
1006833_1,Rv0977
1006835_1,Rv0979c
1006837_1,Rv0981
1006839_1,Rv0983
1006853_1,Rv0997
1006855_1,Rv0999
1006857_1,Rv1001
1006859_1,Rv1003
1006861_1,Rv1005c
1006863_1,Rv1007c
1006877_1,Rv1021
1006879_1,Rv1023
1006881_1,Rv1025
1006883_1,Rv1027c
1006885_1,Rv1029
1006887_1,Rv1031
1006901_1,Rv1045
1006903_1,Rv1047
1006905_1,Rv1049
1006907_1,Rv1051c
1006909_1,Rv1053c
1006911_1,Rv1055
1007213_1,Rv1357c
1007215_1,Rv1359
1007217_1,Rv1361c
1007219_1,Rv1363c
1007221_1,Rv1365c
1007223_1,Rv1367c
1007237_1,Rv1381
1007239_1,Rv1383
1007241_1,Rv1385
1007243_1,Rv1387
1007245_1,Rv1389
1007247_1,Rv1391
1007261_1,Rv1405c
1007263_1,Rv1407
1007265_1,Rv1409
1007267_1,Rv1411c
1007269_1,Rv1413
1007271_1,Rv1415
1007285_1,Rv1429
1007287_1,Rv1431
1007289_1,Rv1433
1007291_1,Rv1435c
1007293_1,Rv1437
1007295_1,Rv1439c
1007597_1,Rv1741
1007599_1,Rv1743
1007601_1,Rv1745c
1007603_1,Rv1747
1007605_1,Rv1749c
1007607_1,Rv1751
1007621_1,Rv1765c
1007623_1,Rv1767
1007625_1,Rv1769
1007627_1,Rv1771
1007629_1,Rv1773c
1007631_1,Rv1775
1007645_1,Rv1789
1007647_1,Rv1791
1007649_1,Rv1793
1007651_1,Rv1795
1007653_1,Rv1797
1007655_1,Rv1799
1007669_1,Rv1813c
1007671_1,Rv1815
1007673_1,Rv1817
1007675_1,Rv1819c
1007677_1,Rv1821
1007679_1,Rv1823
1007981_1,Rv2125
1007983_1,Rv2127
1007985_1,Rv2129c
1007987_1,Rv2131c
1007989_1,Rv2133c
1007991_1,Rv2135c
1008005_1,Rv2149c
1008007_1,Rv2151c
1008009_1,Rv2153c
1008011_1,Rv2155c
1008013_1,Rv2157c
1008015_1,Rv2159c
1008029_1,Rv2173
1008031_1,Rv2175c
1008033_1,Rv2177c
1008035_1,Rv2179c
1008037_1,Rv2181
1008039_1,Rv2183c
1008053_1,Rv2197c
1008055_1,Rv2199c
1008057_1,Rv2201
1008059_1,Rv2203
1008061_1,Rv2205c
1008063_1,Rv2207
1008365_1,Rv2509
1008367_1,Rv2511
1008369_1,Rv2513
1008371_1,Rv2515c
1008373_1,Rv2517c
1008375_1,Rv2519
1008389_1,Rv2533c
1008391_1,Rv2535c
1008393_1,Rv2537c
1008395_1,Rv2539c
1008397_1,Rv2541
1008399_1,Rv2543
1008413_1,Rv2557
1008415_1,Rv2559c
1008417_1,Rv2561
1008419_1,Rv2563
1008421_1,Rv2565
1008423_1,Rv2567
1008437_1,Rv2581c
1008439_1,Rv2583c
1008441_1,Rv2585c
1008443_1,Rv2587c
1008445_1,Rv2589
1008447_1,Rv2591
1008749_1,Rv2893
1008751_1,Rv2895c
1008753_1,Rv2897c
1008755_1,Rv2899c
1008757_1,Rv2901c
1008759_1,Rv2903c
1008773_1,Rv2917
1008775_1,Rv2919c
1008777_1,Rv2921c
1008779_1,Rv2923c
1008781_1,Rv2925c
1008783_1,Rv2927c
1008797_1,Rv2941
1008799_1,Rv2943
1008801_1,Rv2945c
1008803_1,Rv2947c
1008805_1,Rv2949c
1008807_1,Rv2951c
1008821_1,Rv2965c
1008823_1,Rv2967c
1008825_1,Rv2969c
1008827_1,Rv2971
1008829_1,Rv2973c
1008831_1,Rv2975c
1009133_1,Rv3277
1009135_1,Rv3279c
1009137_1,Rv3281
1009139_1,Rv3283
1009141_1,Rv3285
1009143_1,Rv3287c
1009157_1,Rv3301c
1009159_1,Rv3303c
1009161_1,Rv3305c
1009163_1,Rv3307
1009165_1,Rv3309c
1009167_1,Rv3311
1009181_1,Rv3325
1009183_1,Rv3327
1009185_1,Rv3329
1009187_1,Rv3331
1009189_1,Rv3333c
1009191_1,Rv3335c
1009205_1,Rv3349c
1009207_1,Rv3351c
1009209_1,Rv3353c
1009211_1,Rv3355c
1009213_1,Rv3357
1009215_1,Rv3359
1009517_1,Rv3661
1009519_1,Rv3663c
1009521_1,Rv3665c
1009523_1,Rv3667
1009525_1,Rv3669
1009527_1,Rv3671c
1009541_1,Rv3685c
1009543_1,Rv3687c
1009545_1,Rv3689
1009547_1,Rv3691
1009549_1,Rv3693
1009551_1,Rv3695
1009565_1,Rv3709c
1009567_1,Rv3711c
1009569_1,Rv3713
1009571_1,Rv3715c
1009573_1,Rv3717
1009575_1,Rv3719
1009589_1,Rv3733c
1009591_1,Rv3735
1009593_1,Rv3737
1009595_1,Rv3739c
1009597_1,Rv3741c
1009599_1,Rv3743c
1009901_1,
1009903_1,Rv3343c
1009905_1,
1009907_1,
1009909_1,
1009911_1,
1009925_1,
1009927_1,
1009929_1,
1009931_1,
1009933_1,Rv0020c
1009935_1,
1009949_1,
1009951_1,
1009953_1,
1009955_1,
1009957_1,
1009959_1,
1009973_1,
1009975_1,Rv0980c
1009977_1,
1009979_1,
1009981_1,
1009983_1,
1010093_1,
1010095_1,
1010097_1,
1010099_1,Rv3514
1010101_1,
1010103_1,
1010117_1,
1010119_1,
1010121_1,
1010123_1,
1010125_1,
1010127_1,
1010141_1,
1010143_1,
1010145_1,
1010147_1,
1010149_1,
1010151_1,
1010165_1,
1010167_1,
1010169_1,
1010171_1,
1010173_1,
1010175_1,
1006157_1,Rv0301
1006159_1,Rv0303
1006161_1,Rv0305c
1006163_1,Rv0307c
1006165_1,Rv0309
1006167_1,Rv0311
1006181_1,Rv0325
1006183_1,Rv0327c
1006185_1,Rv0329c
1006187_1,Rv0331
1006189_1,Rv0333
1006191_1,Rv0335c
1006205_1,Rv0349
1006207_1,Rv0351
1006209_1,Rv0353
1006211_1,Rv0355c
1006213_1,Rv0357c
1006215_1,Rv0359
1006229_1,Rv0373c
1006231_1,Rv0375c
1006233_1,Rv0377
1006235_1,Rv0379
1006237_1,Rv0381c
1006239_1,Rv0383c
1006541_1,Rv0685
1006543_1,Rv0687
1006545_1,Rv0689c
1006547_1,Rv0691c
1006549_1,Rv0693
1006551_1,Rv0695
1006565_1,Rv0709
1006567_1,Rv0711
1006569_1,Rv0713
1006571_1,Rv0715
1006573_1,Rv0717
1006575_1,Rv0719
1006589_1,Rv0733
1006591_1,Rv0735
1006593_1,Rv0737
1006595_1,Rv0739
1006597_1,Rv0741
1006599_1,Rv0743c
1006613_1,Rv0757
1006615_1,Rv0759c
1006617_1,Rv0761c
1006619_1,Rv0763c
1006621_1,Rv0765c
1006623_1,Rv0767c
1006925_1,Rv1069c
1006927_1,Rv1071c
1006929_1,Rv1073
1006931_1,Rv1075c
1006933_1,Rv1077
1006935_1,Rv1079
1006949_1,Rv1093
1006951_1,Rv1095
1006953_1,Rv1097c
1006955_1,Rv1099c
1006957_1,Rv1101c
1006959_1,Rv1103c
1006973_1,Rv1117
1006975_1,Rv1119c
1006977_1,Rv1121
1006979_1,Rv1123c
1006981_1,Rv1125
1006983_1,Rv1127c
1006997_1,Rv1141c
1006999_1,Rv1143
1007001_1,Rv1145
1007003_1,Rv1147
1007005_1,Rv1149
1007007_1,Rv1151c
1007309_1,Rv1453
1007311_1,Rv1455
1007313_1,Rv1457c
1007315_1,Rv1459c
1007317_1,Rv1461
1007319_1,Rv1463
1007333_1,Rv1477
1007335_1,Rv1479
1007337_1,Rv1481
1007339_1,Rv1483
1007341_1,Rv1485
1007343_1,Rv1487
1007357_1,Rv1501
1007359_1,Rv1503c
1007361_1,Rv1505c
1007363_1,Rv1507c
1007365_1,Rv1509
1007367_1,Rv1511
1007381_1,Rv1525
1007383_1,Rv1527c
1007385_1,Rv1529
1007387_1,Rv1531
1007389_1,Rv1533
1007391_1,Rv1535
1007693_1,Rv1837c
1007695_1,Rv1839c
1007697_1,Rv1841c
1007699_1,Rv1843c
1007701_1,Rv1845c
1007703_1,Rv1847
1007717_1,Rv1861
1007719_1,Rv1863c
1007721_1,Rv1865c
1007723_1,Rv1867
1007725_1,Rv1869c
1007727_1,Rv1871c
1007741_1,Rv1885c
1007743_1,Rv1887
1007745_1,Rv1889c
1007747_1,Rv1891
1007749_1,Rv1893
1007751_1,Rv1895
1007765_1,Rv1909c
1007767_1,Rv1911c
1007769_1,Rv1913
1007771_1,Rv1915
1007773_1,Rv1917c
1007775_1,Rv1919c
1008077_1,Rv2221c
1008079_1,Rv2223c
1008081_1,Rv2225
1008083_1,Rv2227
1008085_1,Rv2229c
1008087_1,Rv2231c
1008101_1,Rv2245
1008103_1,Rv2247
1008105_1,Rv2249c
1008107_1,Rv2251
1008109_1,Rv2253
1008111_1,Rv2255c
1008125_1,Rv2269c
1008127_1,Rv2271
1008129_1,Rv2273
1008131_1,Rv2275
1008133_1,Rv2277c
1008135_1,Rv2279
1008149_1,Rv2293c
1008151_1,Rv2295
1008153_1,Rv2297
1008155_1,Rv2299c
1008157_1,Rv2301
1008159_1,Rv2303c
1008461_1,Rv2605c
1008463_1,Rv2607
1008465_1,Rv2609c
1008467_1,Rv2611c
1008469_1,Rv2613c
1008471_1,Rv2615c
1008485_1,Rv2629
1008487_1,Rv2631
1008489_1,Rv2633c
1008491_1,Rv2635
1008493_1,Rv2637
1008495_1,Rv2639c
1008509_1,Rv2653c
1008511_1,Rv2655c
1008513_1,Rv2657c
1008515_1,Rv2659c
1008517_1,Rv2661c
1008519_1,Rv2663
1008533_1,Rv2677c
1008535_1,Rv2679
1008537_1,Rv2681
1008539_1,Rv2683
1008541_1,Rv2685
1008543_1,Rv2687c
1008845_1,Rv2989
1008847_1,Rv2991
1008849_1,Rv2993c
1008851_1,Rv2995c
1008853_1,Rv2997
1008855_1,Rv2999
1008869_1,Rv3013
1008871_1,Rv3015c
1008873_1,Rv3017c
1008875_1,Rv3019c
1008877_1,Rv3021c
1008879_1,Rv3023c
1008893_1,Rv3037c
1008895_1,Rv3039c
1008897_1,Rv3041c
1008899_1,Rv3043c
1008901_1,Rv3045
1008903_1,Rv3047c
1008917_1,Rv3061c
1008919_1,Rv3063
1008921_1,Rv3065
1008923_1,Rv3067
1008925_1,Rv3069
1008927_1,Rv3071
1009229_1,Rv3373
1009231_1,Rv3375
1009233_1,Rv3377c
1009235_1,Rv3379c
1009237_1,Rv3381c
1009239_1,Rv3383c
1009253_1,Rv3397c
1009255_1,Rv3399
1009257_1,Rv3401
1009259_1,Rv3403c
1009261_1,Rv3405c
1009263_1,Rv3407
1009277_1,Rv3421c
1009279_1,Rv3423c
1009281_1,Rv3425
1009283_1,Rv3427c
1009285_1,Rv3429
1009287_1,Rv3431c
1009301_1,Rv3445c
1009303_1,Rv3447c
1009305_1,Rv3449
1009307_1,Rv3451
1009309_1,Rv3453
1009311_1,Rv3455c
1009613_1,Rv3757c
1009615_1,Rv3759c
1009617_1,Rv3761c
1009619_1,Rv3763
1009621_1,Rv3765c
1009623_1,Rv3767c
1009637_1,Rv3781
1009639_1,Rv3783
1009641_1,Rv3785
1009643_1,Rv3787c
1009645_1,Rv3789
1009647_1,Rv3791
1009661_1,Rv3805c
1009663_1,Rv3807c
1009665_1,Rv3809c
1009667_1,Rv3811
1009669_1,Rv3813c
1009671_1,Rv3815c
1009685_1,Rv3829c
1009687_1,Rv3831
1009689_1,Rv3833
1009691_1,Rv3835
1009693_1,Rv3837c
1009695_1,Rv3839
1009997_1,
1009999_1,
1010001_1,
1010003_1,
1010005_1,
1010007_1,
1010021_1,
1010023_1,
1010025_1,
1010027_1,
1010029_1,
1010031_1,
1010045_1,
1010047_1,
1010049_1,
1010051_1,
1010053_1,
1010055_1,
1010069_1,
1010071_1,
1010073_1,
1010075_1,
1010077_1,
1010079_1,
1005774_3,
1005776_3,
1005778_3,
1005780_3,
1005782_3,
1005784_3,
1005798_3,
1005800_3,
1005802_3,
1005804_3,
1005806_3,
1005808_3,
1005822_3,
1005824_3,
1005826_3,
1005828_3,
1005830_3,
1005832_3,
1005846_3,
1005848_3,
1005850_3,
1005852_3,
1005854_3,
1005856_3,
1006062_1,Rv0206c
1006064_1,Rv0208c
1006066_1,Rv0210
1006068_1,Rv0212c
1006070_1,Rv0214
1006072_1,Rv0216
1006086_1,Rv0230c
1006088_1,Rv0232
1006090_1,Rv0234c
1006092_1,Rv0236c
1006094_1,Rv0238
1006096_1,Rv0240
1006110_1,Rv0254c
1006112_1,Rv0256c
1006114_1,Rv0258c
1006116_1,Rv0260c
1006118_1,Rv0262c
1006120_1,Rv0264c
1006134_1,Rv0278c
1006136_1,Rv0280
1006138_1,Rv0282
1006140_1,Rv0284
1006142_1,Rv0286
1006144_1,Rv0288
1006446_1,Rv0590
1006448_1,Rv0592
1006450_1,Rv0594
1006452_1,Rv0596c
1006454_1,Rv0598c
1006456_1,Rv0600c
1006470_1,Rv0614
1006472_1,Rv0616c
1006474_1,Rv0618
1006476_1,Rv0620
1006478_1,Rv0622
1006480_1,Rv0624
1006494_1,Rv0638
1006496_1,Rv0640
1006498_1,Rv0642c
1006500_1,Rv0644c
1006502_1,Rv0646c
1006504_1,Rv0648
1006518_1,Rv0662c
1006520_1,Rv0664
1006522_1,Rv0666
1006524_1,Rv0668
1006526_1,Rv0670
1006528_1,Rv0672
1006830_1,Rv0974c
1006832_1,Rv0976c
1006834_1,Rv0978c
1006836_1,Rv0980c
1006838_1,Rv0982
1006840_1,Rv0984
1006854_1,Rv0998
1006856_1,Rv1000
1006858_1,Rv1002c
1006860_1,Rv1004c
1006862_1,Rv1006
1006864_1,Rv1008
1006878_1,Rv1022
1006880_1,Rv1024
1006882_1,Rv1026
1006884_1,Rv1028c
1006886_1,Rv1030
1006888_1,Rv1032c
1006902_1,Rv1046c
1006904_1,Rv1048c
1006906_1,Rv1050
1006908_1,Rv1052
1006910_1,Rv1054
1006912_1,Rv1056
1007214_1,Rv1358
1007216_1,Rv1360
1007218_1,Rv1362c
1007220_1,Rv1364c
1007222_1,Rv1366
1007224_1,Rv1368
1007238_1,Rv1382
1007240_1,Rv1384
1007242_1,Rv1386
1007244_1,Rv1388
1007246_1,Rv1390
1007248_1,Rv1392
1007262_1,Rv1406
1007264_1,Rv1408
1007266_1,Rv1410c
1007268_1,Rv1412
1007270_1,Rv1414
1007272_1,Rv1416
1007286_1,Rv1430
1007288_1,Rv1432
1007290_1,Rv1434
1007292_1,Rv1436
1007294_1,Rv1438
1007296_1,Rv1440
1007598_1,Rv1742
1007600_1,Rv1744c
1007602_1,Rv1746
1007604_1,Rv1748
1007606_1,Rv1750c
1007608_1,Rv1752
1007622_1,Rv1766
1007624_1,Rv1768
1007626_1,Rv1770
1007628_1,Rv1772
1007630_1,Rv1774
1007632_1,Rv1776c
1007646_1,Rv1790
1007648_1,Rv1792
1007650_1,Rv1794
1007652_1,Rv1796
1007654_1,Rv1798
1007656_1,Rv1800
1007670_1,Rv1814
1007672_1,Rv1816
1007674_1,Rv1818c
1007676_1,Rv1820
1007678_1,Rv1822
1007680_1,Rv1824
1007982_1,Rv2126c
1007984_1,Rv2128
1007986_1,Rv2130c
1007988_1,Rv2132
1007990_1,Rv2134c
1007992_1,Rv2136c
1008006_1,Rv2150c
1008008_1,Rv2152c
1008010_1,Rv2154c
1008012_1,Rv2156c
1008014_1,Rv2158c
1008016_1,Rv2160c
1008030_1,Rv2174
1008032_1,Rv2176
1008034_1,Rv2178c
1008036_1,Rv2180c
1008038_1,Rv2182c
1008040_1,Rv2184c
1008054_1,Rv2198c
1008056_1,Rv2200c
1008058_1,Rv2202c
1008060_1,Rv2204c
1008062_1,Rv2206
1008064_1,Rv2208
1008366_1,Rv2510c
1008368_1,Rv2512c
1008370_1,Rv2514c
1008372_1,Rv2516c
1008374_1,Rv2518c
1008376_1,Rv2520c
1008390_1,Rv2534c
1008392_1,Rv2536
1008394_1,Rv2538c
1008396_1,Rv2540c
1008398_1,Rv2542
1008400_1,Rv2544
1008414_1,Rv2558
1008416_1,Rv2560
1008418_1,Rv2562
1008420_1,Rv2564
1008422_1,Rv2566
1008424_1,Rv2568c
1008438_1,Rv2582
1008440_1,Rv2584c
1008442_1,Rv2586c
1008444_1,Rv2588c
1008446_1,Rv2590
1008448_1,Rv2592c
1008750_1,Rv2894c
1008752_1,Rv2896c
1008754_1,Rv2898c
1008756_1,Rv2900c
1008758_1,Rv2902c
1008760_1,Rv2904c
1008774_1,Rv2918c
1008776_1,Rv2920c
1008778_1,Rv2922c
1008780_1,Rv2924c
1008782_1,Rv2926c
1008784_1,Rv2928
1008798_1,Rv2942
1008800_1,Rv2944
1008802_1,Rv2946c
1008804_1,Rv2948c
1008806_1,Rv2950c
1008808_1,Rv2952
1008822_1,Rv2966c
1008824_1,Rv2968c
1008826_1,Rv2970c
1008828_1,Rv2972c
1008830_1,Rv2974c
1008832_1,Rv2976c
1009134_1,Rv3278c
1009136_1,Rv3280
1009138_1,Rv3282
1009140_1,Rv3284
1009142_1,Rv3286c
1009144_1,Rv3288c
1009158_1,Rv3302c
1009160_1,Rv3304
1009162_1,Rv3306c
1009164_1,Rv3308
1009166_1,Rv3310
1009168_1,Rv3312c
1009182_1,Rv3326
1009184_1,Rv3328c
1009186_1,Rv3330
1009188_1,Rv3332
1009190_1,Rv3334
1009192_1,Rv3336c
1009206_1,Rv3350c
1009208_1,Rv3352c
1009210_1,Rv3354
1009212_1,Rv3356c
1009214_1,Rv3358
1009216_1,Rv3360
1009518_1,Rv3662c
1009520_1,Rv3664c
1009522_1,Rv3666c
1009524_1,Rv3668c
1009526_1,Rv3670
1009528_1,Rv3672c
1009542_1,Rv3686c
1009544_1,Rv3688c
1009546_1,Rv3690
1009548_1,Rv3692
1009550_1,Rv3694c
1009552_1,Rv3696c
1009566_1,Rv3710
1009568_1,Rv3712
1009570_1,Rv3714c
1009572_1,Rv3716c
1009574_1,Rv3718c
1009576_1,Rv3720
1009590_1,Rv3734c
1009592_1,Rv3736
1009594_1,Rv3738c
1009596_1,Rv3740c
1009598_1,Rv3742c
1009600_1,Rv3744
1009902_1,
1009904_1,Rv3345c
1009906_1,
1009908_1,
1009910_1,Rv3507
1009912_1,
1009926_1,
1009928_1,
1009930_1,
1009932_1,
1009934_1,
1009936_1,
1009950_1,
1009952_1,
1009954_1,
1009956_1,
1009958_1,
1009960_1,
1009974_1,
1009976_1,
1009978_1,
1009980_1,
1009982_1,Rv1068c
1009984_1,
1010094_1,
1010096_1,
1010098_1,
1010100_1,Rv3514
1010102_1,
1010104_1,
1010118_1,
1010120_1,
1010122_1,
1010124_1,
1010126_1,
1010128_1,
1010142_1,
1010144_1,
1010146_1,
1010148_1,
1010150_1,
1010152_1,
1010166_1,
1010168_1,
1010170_1,
1010172_1,
1010174_1,
1010176_1,
1006158_1,Rv0302
1006160_1,Rv0304c
1006162_1,Rv0306
1006164_1,Rv0308
1006166_1,Rv0310c
1006168_1,Rv0312
1006182_1,Rv0326
1006184_1,Rv0328
1006186_1,Rv0330c
1006188_1,Rv0332
1006190_1,Rv0334
1006192_1,Rv0336
1006206_1,Rv0350
1006208_1,Rv0352
1006210_1,Rv0354c
1006212_1,Rv0356c
1006214_1,Rv0358
1006216_1,Rv0360c
1006230_1,Rv0374c
1006232_1,Rv0376c
1006234_1,Rv0378
1006236_1,Rv0380c
1006238_1,Rv0382c
1006240_1,Rv0384c
1006542_1,Rv0686
1006544_1,Rv0688
1006546_1,Rv0690c
1006548_1,Rv0692
1006550_1,Rv0694
1006552_1,Rv0696
1006566_1,Rv0710
1006568_1,Rv0712
1006570_1,Rv0714
1006572_1,Rv0716
1006574_1,Rv0718
1006576_1,Rv0720
1006590_1,Rv0734
1006592_1,Rv0736
1006594_1,Rv0738
1006596_1,Rv0740
1006598_1,Rv0742
1006600_1,Rv0744c
1006614_1,Rv0758
1006616_1,Rv0760c
1006618_1,Rv0762c
1006620_1,Rv0764c
1006622_1,Rv0766c
1006624_1,Rv0768
1006926_1,Rv1070c
1006928_1,Rv1072
1006930_1,Rv1074c
1006932_1,Rv1076
1006934_1,Rv1078
1006936_1,Rv1080c
1006950_1,Rv1094
1006952_1,Rv1096
1006954_1,Rv1098c
1006956_1,Rv1100
1006958_1,Rv1102c
1006960_1,Rv1104
1006974_1,Rv1118c
1006976_1,Rv1120c
1006978_1,Rv1122
1006980_1,Rv1124
1006982_1,Rv1126c
1006984_1,Rv1128c
1006998_1,Rv1142c
1007000_1,Rv1144
1007002_1,Rv1146
1007004_1,Rv1148c
1007006_1,Rv1150
1007008_1,Rv1152
1007310_1,Rv1454c
1007312_1,Rv1456c
1007314_1,Rv1458c
1007316_1,Rv1460
1007318_1,Rv1462
1007320_1,Rv1464
1007334_1,Rv1478
1007336_1,Rv1480
1007338_1,Rv1482c
1007340_1,Rv1484
1007342_1,Rv1486c
1007344_1,Rv1488
1007358_1,Rv1502
1007360_1,Rv1504c
1007362_1,Rv1506c
1007364_1,Rv1508c
1007366_1,Rv1510
1007368_1,Rv1512
1007382_1,Rv1526c
1007384_1,Rv1528c
1007386_1,Rv1530
1007388_1,Rv1532c
1007390_1,Rv1534
1007392_1,Rv1536
1007694_1,Rv1838c
1007696_1,Rv1840c
1007698_1,Rv1842c
1007700_1,Rv1844c
1007702_1,Rv1846c
1007704_1,Rv1848
1007718_1,Rv1862
1007720_1,Rv1864c
1007722_1,Rv1866
1007724_1,Rv1868
1007726_1,Rv1870c
1007728_1,Rv1872c
1007742_1,Rv1886c
1007744_1,Rv1888c
1007746_1,Rv1890c
1007748_1,Rv1892
1007750_1,Rv1894c
1007752_1,Rv1896c
1007766_1,Rv1910c
1007768_1,Rv1912c
1007770_1,Rv1914c
1007772_1,Rv1916
1007774_1,Rv1918c
1007776_1,Rv1920
1008078_1,Rv2222c
1008080_1,Rv2224c
1008082_1,Rv2226
1008084_1,Rv2228c
1008086_1,Rv2230c
1008088_1,Rv2232
1008102_1,Rv2246
1008104_1,Rv2248
1008106_1,Rv2250c
1008108_1,Rv2252
1008110_1,Rv2254c
1008112_1,Rv2256c
1008126_1,Rv2270
1008128_1,Rv2272
1008130_1,Rv2274c
1008132_1,Rv2276
1008134_1,Rv2278
1008136_1,Rv2280
1008150_1,Rv2294
1008152_1,Rv2296
1008154_1,Rv2298
1008156_1,Rv2300c
1008158_1,Rv2302
1008160_1,Rv2304c
1008462_1,Rv2606c
1008464_1,Rv2608
1008466_1,Rv2610c
1008468_1,Rv2612c
1008470_1,Rv2614c
1008472_1,Rv2616
1008486_1,Rv2630
1008488_1,Rv2632c
1008490_1,Rv2634c
1008492_1,Rv2636
1008494_1,Rv2638
1008496_1,Rv2640c
1008510_1,Rv2654c
1008512_1,Rv2656c
1008514_1,Rv2658c
1008516_1,Rv2660c
1008518_1,Rv2662
1008520_1,Rv2664
1008534_1,Rv2678c
1008536_1,Rv2680
1008538_1,Rv2682c
1008540_1,Rv2684
1008542_1,Rv2686c
1008544_1,Rv2688c
1008846_1,Rv2990c
1008848_1,Rv2992c
1008850_1,Rv2994
1008852_1,Rv2996c
1008854_1,Rv2998
1008856_1,Rv3000
1008870_1,Rv3014c
1008872_1,Rv3016
1008874_1,Rv3018c
1008876_1,Rv3020c
1008878_1,Rv3022c
1008880_1,Rv3024c
1008894_1,Rv3038c
1008896_1,Rv3040c
1008898_1,Rv3042c
1008900_1,Rv3044
1008902_1,Rv3046c
1008904_1,Rv3048c
1008918_1,Rv3062
1008920_1,Rv3064c
1008922_1,Rv3066
1008924_1,Rv3068c
1008926_1,Rv3070
1008928_1,Rv3072c
1009230_1,Rv3374
1009232_1,Rv3376
1009234_1,Rv3378c
1009236_1,Rv3380c
1009238_1,Rv3382c
1009240_1,Rv3384c
1009254_1,Rv3398c
1009256_1,Rv3400
1009258_1,Rv3402c
1009260_1,Rv3404c
1009262_1,Rv3406
1009264_1,Rv3408
1009278_1,Rv3422c
1009280_1,Rv3424c
1009282_1,Rv3426
1009284_1,Rv3428c
1009286_1,Rv3430c
1009288_1,Rv3432c
1009302_1,Rv3446c
1009304_1,Rv3448
1009306_1,Rv3450c
1009308_1,Rv3452
1009310_1,Rv3454
1009312_1,Rv3456c
1009614_1,Rv3758c
1009616_1,Rv3760
1009618_1,Rv3762c
1009620_1,Rv3764c
1009622_1,Rv3766
1009624_1,Rv3768
1009638_1,Rv3782
1009640_1,Rv3784
1009642_1,Rv3786c
1009644_1,Rv3788
1009646_1,Rv3790
1009648_1,Rv3792
1009662_1,Rv3806c
1009664_1,Rv3808c
1009666_1,Rv3810
1009668_1,Rv3812
1009670_1,Rv3814c
1009672_1,Rv3816c
1009686_1,Rv3830c
1009688_1,Rv3832c
1009690_1,Rv3834c
1009692_1,Rv3836
1009694_1,Rv3838c
1009696_1,Rv3840
1009998_1,
1010000_1,
1010002_1,
1010004_1,
1010006_1,
1010008_1,
1010022_1,Rv0278c
1010024_1,
1010026_1,
1010028_1,
1010030_1,
1010032_1,
1010046_1,
1010048_1,
1010050_1,
1010052_1,
1010054_1,
1010056_1,
1010070_1,
1010072_1,
1010074_1,
1010076_1,
1010078_1,
1010080_1,
